Gi,GVhel,mag,Type,Type II Label
46.0,6789.0,16.0,II,Type II
90.0,3614.0,17.2,II,Type II
57.0,4418.0,17.7,IIn,Type II
57.0,2472.0,16.4,II,Type II
57.0,2472.0,16.4,II,Type II
24.0,10218.0,18.5,II,Type II
50.0,6703.0,17.5,II,Type II
30.0,2407.0,18.4,II,Type II
32.0,6962.0,15.7,IIn,Type II
62.0,5802.0,17.8,II,Type II
30.0,4963.0,17.2,IIn,Type II
66.0,5396.0,15.0,IIPec:,Type II
73.0,6939.0,18.8,II,Type II
51.0,4337.0,16.8,II,Type II
73.0,4941.0,16.9,II,Type II
73.0,4629.0,17.0,II,Type II
24.0,10423.0,18.4,II,Type II
38.0,5179.0,16.8,II,Type II
72.0,5189.0,17.7,II,Type II
56.0,5124.0,15.6,IIP,Type II
36.0,13491.0,18.4,II,Type II
70.0,4244.0,18.0,II,Type II
44.0,518.0,12.3,IIPec,Type II
84.0,8018.0,18.1,II,Type II
40.0,6132.0,17.8,II,Type II
30.0,5118.0,17.1,II:,Type II
57.0,10203.0,18.5,II,Type II
65.0,5429.0,16.2,II,Type II
32.0,14810.0,18.1,II,Type II
79.0,5231.0,17.7,II,Type II
38.0,6115.0,17.1,II:,Type II
34.0,4699.0,18.2,II,Type II
44.0,4939.0,17.7,II,Type II
69.0,3978.0,17.1,II,Type II
34.0,3900.0,17.5,II,Type II
41.0,6663.0,17.8,II,Type II
61.0,3582.0,17.3,II,Type II
47.0,6017.0,18.5,II,Type II
27.0,8368.0,17.8,II,Type II
48.0,3730.0,15.3,II,Type II
59.0,10079.0,16.9,II,Type II
44.0,8520.0,17.7,II,Type II
38.0,4099.0,16.2,II:,Type II
65.0,3582.0,18.0,II,Type II
36.0,3870.0,15.9,II,Type II
47.0,8067.0,17.5,II,Type II
21.0,2094.0,16.0,II,Type II
59.0,7529.0,17.9,II,Type II
63.0,1334.0,16.0,II,Type II
62.0,6537.0,18.7,IIb,Type II
24.0,1534.0,18.0,IIn:,Type II
27.0,1376.0,16.4,II,Type II
76.0,705.0,13.9,IIb,Type II
58.0,1586.0,17.2,II,Type II
61.0,1586.0,16.0,II,Type II
84.0,11300.0,19.0,IIn,Type II
71.0,2009.0,16.0,II,Type II
70.0,10193.0,18.4,II,Type II
52.0,14090.0,17.4,II,Type II
81.0,616.0,17.4,IIn,Type II
41.0,7392.0,16.5,II,Type II
82.0,895.0,12.1,IIn,Type II
55.0,800.0,13.6,II,Type II
44.0,1082.0,18.2,II,Type II
83.0,1478.0,13.0,IIPec,Type II
66.0,6176.0,18.2,IIn,Type II
30.0,5144.0,16.2,IIP,Type II
17.0,592.0,14.6,II,Type II
52.0,4787.0,17.0,II,Type II
90.0,2260.0,16.4,II,Type II
47.0,2562.0,15.9,IIn,Type II
90.0,4152.0,15.9,II,Type II
44.0,8004.0,18.2,II,Type II
36.0,6437.0,17.5,II,Type II
34.0,1156.0,17.6,IIPec,Type II
71.0,1185.0,14.5,IIP,Type II
36.0,2399.0,16.5,II,Type II
36.0,2399.0,16.0,IIP,Type II
50.0,3064.0,15.3,II,Type II
47.0,3121.0,17.2,II,Type II
21.0,3726.0,18.3,II,Type II
40.0,8292.0,17.8,IIn,Type II
67.0,7657.0,18.0,II,Type II
36.0,5260.0,15.5,IIn,Type II
78.0,7214.0,17.6,II,Type II
38.0,5776.0,17.5,II,Type II
52.0,13419.0,16.8,II,Type II
24.0,8281.0,17.5,II,Type II
24.0,8281.0,17.9,II,Type II
48.0,5751.0,17.9,II,Type II
68.0,7358.0,18.0,IIb,Type II
30.0,6743.0,17.8,II,Type II
90.0,6385.0,18.2,II,Type II
72.0,4059.0,18.0,II,Type II
70.0,4218.0,16.1,II,Type II
43.0,8818.0,17.6,II,Type II
61.0,1289.0,16.5,II,Type II
59.0,9100.0,17.0,II,Type II
43.0,9233.0,18.0,II,Type II
55.0,2702.0,16.9,II,Type II
53.0,3315.0,17.5,II,Type II
66.0,1534.0,17.4,II,Type II
61.0,-34.0,10.8,IIb,Type II
68.0,203.0,16.0,II,Type II
44.0,5709.0,18.1,II,Type II
52.0,7495.0,18.0,IIb,Type II
60.0,131.0,19.0,IIn,Type II
60.0,131.0,11.3,IIP,Type II
47.0,4421.0,17.0,II,Type II
53.0,2887.0,16.6,IIn,Type II
48.0,2344.0,16.8,II,Type II
51.0,1524.0,14.2,II,Type II
90.0,1860.0,16.8,II,Type II
81.0,4388.0,16.2,IIn,Type II
30.0,2410.0,16.3,II,Type II
60.0,1359.0,17.0,II,Type II
40.0,2556.0,15.0,IIn,Type II
79.0,1681.0,16.5,IIn,Type II
44.0,1480.0,14.5,II,Type II
74.0,4092.0,17.5,II,Type II
24.0,7937.0,17.1,II,Type II
54.0,8830.0,18.6,II,Type II
60.0,4439.0,16.4,IIPec,Type II
62.0,7789.0,16.1,IIn,Type II
71.0,9967.0,18.6,II,Type II
38.0,5464.0,18.0,II,Type II
74.0,8979.0,18.1,II,Type II
50.0,6595.0,18.7,II,Type II
68.0,852.0,15.7,II,Type II
41.0,9610.0,19.2,IIPec,Type II
79.0,8387.0,17.1,II,Type II
48.0,9186.0,17.0,II,Type II
27.0,9384.0,17.7,II,Type II
43.0,8946.0,19.3,II,Type II
48.0,11590.0,19.2,II,Type II
47.0,10690.0,18.1,II,Type II
54.0,5310.0,16.8,II,Type II
46.0,3320.0,17.1,IIb,Type II
66.0,6149.0,18.0,II,Type II
17.0,9937.0,18.0,II,Type II
55.0,10553.0,18.4,II,Type II
38.0,14368.0,18.5,II,Type II
17.0,8056.0,17.0,II,Type II
40.0,2386.0,17.5,II,Type II
70.0,875.0,13.0,IIL,Type II
70.0,875.0,16.2,IIb,Type II
65.0,4900.0,18.4,II,Type II
60.0,1419.0,15.2,II,Type II
47.0,2558.0,14.4,IIn,Type II
27.0,700.0,15.2,II,Type II
47.0,517.0,14.8,IIn,Type II
70.0,448.0,16.0,II:,Type II
70.0,757.0,15.7,IIP,Type II
72.0,4122.0,17.7,II,Type II
90.0,774.0,16.1,II,Type II
68.0,8250.0,18.0,II,Type II
21.0,8856.0,17.0,IIn,Type II
30.0,7088.0,16.5,II,Type II
21.0,1234.0,13.2,IIPec,Type II
52.0,1275.0,15.5,II:,Type II
44.0,2971.0,16.4,II,Type II
30.0,10330.0,17.4,II,Type II
48.0,3128.0,18.2,II,Type II
90.0,3412.0,16.2,II,Type II
87.0,2082.0,14.0,II,Type II
0.0,241.0,17.5,II:,Type II
0.0,241.0,11.4,IIL,Type II
0.0,241.0,13.5,II:,Type II
53.0,1390.0,18.8,II,Type II
61.0,7885.0,16.8,II,Type II
90.0,2145.0,18.3,IIP,Type II
51.0,5137.0,17.4,II,Type II
30.0,7195.0,17.2,II,Type II
32.0,7615.0,17.0,II,Type II
40.0,8795.0,18.0,IIPec,Type II
59.0,4866.0,17.5,II,Type II
57.0,1682.0,16.9,II,Type II
60.0,7355.0,16.6,II,Type II
78.0,5025.0,16.9,II,Type II
78.0,5025.0,17.1,IIP,Type II
69.0,3532.0,18.9,IIPec,Type II
68.0,816.0,13.4,IIL,Type II
50.0,5794.0,17.2,II,Type II
30.0,5761.0,18.0,IIPec,Type II
47.0,5022.0,18.1,II,Type II
59.0,6143.0,17.5,II,Type II
61.0,5366.0,17.5,II,Type II
41.0,4478.0,16.0,II,Type II
90.0,4226.0,17.2,II,Type II
53.0,4465.0,17.5,II,Type II
50.0,3124.0,15.8,II:,Type II
62.0,7923.0,18.7,II,Type II
62.0,7923.0,17.5,IIb,Type II
55.0,6528.0,18.9,II,Type II
90.0,9723.0,18.1,IIn,Type II
30.0,48.0,15.0,II,Type II
30.0,48.0,14.6,II,Type II
30.0,48.0,11.6,IIL,Type II
30.0,48.0,12.2,II,Type II
30.0,48.0,13.5,II,Type II
30.0,48.0,14.7,IIP,Type II
82.0,5704.0,17.2,II,Type II
90.0,5188.0,17.8,II,Type II
41.0,1424.0,14.5,IIn,Type II
46.0,7500.0,17.4,II,Type II
58.0,1481.0,16.9,II,Type II
58.0,1481.0,16.0,II,Type II
40.0,1555.0,18.0,II,Type II
62.0,1584.0,14.0,II,Type II
41.0,2963.0,16.8,II,Type II
63.0,7271.0,17.5,II,Type II
62.0,5413.0,16.7,II,Type II
61.0,1831.0,15.4,II,Type II
46.0,4754.0,18.5,II,Type II
32.0,5662.0,16.0,II,Type II
47.0,1094.0,15.8,II,Type II
54.0,1515.0,15.0,II,Type II
63.0,11363.0,20.7,IIP,Type II
70.0,8018.0,17.1,II,Type II
32.0,12702.0,18.5,II,Type II
52.0,3256.0,15.5,II,Type II
24.0,3449.0,14.5,IIn,Type II
76.0,1753.0,16.5,II,Type II
17.0,5302.0,17.0,II,Type II
56.0,4060.0,17.0,II,Type II
40.0,5261.0,17.7,II,Type II
38.0,5425.0,18.0,II:,Type II
38.0,5425.0,16.2,IIn,Type II
38.0,5425.0,15.5,II,Type II
41.0,5182.0,16.0,IIn,Type II
24.0,657.0,13.2,II,Type II
62.0,7445.0,17.8,II,Type II
90.0,7558.0,17.6,IIn,Type II
46.0,4901.0,17.2,II,Type II
36.0,2833.0,16.2,II,Type II
53.0,5696.0,17.7,II,Type II
38.0,6029.0,16.9,II,Type II
65.0,5225.0,16.1,II,Type II
59.0,9904.0,17.0,II,Type II
80.0,2674.0,16.4,II,Type II
72.0,9340.0,18.8,II,Type II
56.0,4866.0,17.1,II,Type II
62.0,8450.0,18.4,II,Type II
36.0,4817.0,17.8,II,Type II
60.0,2905.0,16.8,II,Type II
84.0,5311.0,18.5,II,Type II
74.0,7554.0,18.0,II,Type II
71.0,5398.0,16.5,II,Type II
44.0,5281.0,17.7,IIPec,Type II
38.0,5271.0,18.0,II:,Type II
70.0,12594.0,19.0,II,Type II
43.0,5280.0,17.9,II,Type II
77.0,4213.0,16.8,II,Type II
40.0,10622.0,18.8,II,Type II
62.0,4277.0,16.9,II,Type II
24.0,9986.0,18.3,II,Type II
46.0,5794.0,17.5,II,Type II
38.0,4923.0,17.8,II,Type II
34.0,19187.0,18.0,IIPec,Type II
40.0,1843.0,14.5,II,Type II
46.0,1875.0,18.6,II,Type II
46.0,14990.0,18.7,IIPec,Type II
64.0,1906.0,17.0,II,Type II
86.0,2673.0,16.9,II,Type II
70.0,8898.0,17.8,IIn,Type II
44.0,4850.0,17.1,II,Type II
44.0,4850.0,16.0,IIPec,Type II
32.0,717.0,13.8,IIP,Type II
65.0,5248.0,16.6,II,Type II
21.0,4155.0,15.5,II,Type II
21.0,4155.0,17.2,IIn,Type II
57.0,3522.0,16.7,II,Type II
48.0,1543.0,15.9,IIb:,Type II
30.0,4835.0,17.8,II,Type II
66.0,7539.0,16.1,II:,Type II
64.0,7483.0,18.4,II,Type II
90.0,3000.0,18.0,II,Type II
62.0,7740.0,16.0,IIn,Type II
46.0,7495.0,15.8,II,Type II
43.0,4103.0,16.3,II,Type II
40.0,2087.0,17.0,II,Type II
44.0,1671.0,15.1,II,Type II
62.0,4234.0,17.2,II,Type II
78.0,1174.0,16.8,II,Type II
44.0,3990.0,17.3,II,Type II
38.0,6978.0,17.3,II,Type II
32.0,2633.0,15.1,II,Type II
21.0,2845.0,16.4,II,Type II
30.0,1583.0,16.8,II,Type II
41.0,1394.0,12.4,IIPL,Type II
27.0,2626.0,15.7,II,Type II
34.0,5430.0,18.1,II,Type II
17.0,960.0,15.8,IIPec,Type II
34.0,2777.0,16.5,IIPec:,Type II
32.0,5090.0,16.3,II,Type II
17.0,1566.0,15.6,II,Type II
17.0,1566.0,13.0,II:,Type II
34.0,3277.0,17.3,II,Type II
38.0,6980.0,17.0,II,Type II
59.0,4030.0,18.5,II,Type II
62.0,8499.0,17.1,II,Type II
32.0,5936.0,17.8,II:,Type II
56.0,9091.0,17.5,II,Type II
84.0,1420.0,15.7,II,Type II
79.0,1882.0,14.8,IIn,Type II
59.0,1238.0,15.2,IIL,Type II
40.0,8290.0,18.1,II,Type II
59.0,6533.0,18.7,II,Type II
48.0,5198.0,17.1,II,Type II
68.0,2889.0,16.7,II,Type II
17.0,1270.0,13.5,II,Type II
52.0,864.0,15.0,IIP,Type II
77.0,4182.0,17.5,II,Type II
90.0,1507.0,15.0,II,Type II
90.0,1149.0,12.6,IIL,Type II
30.0,2407.0,13.9,IIP,Type II
38.0,1519.0,14.3,IIP,Type II
21.0,262.0,14.5,II,Type II
0.0,13828.0,17.7,II,Type II
50.0,805.0,14.2,IIb,Type II
57.0,2619.0,15.7,IIn,Type II
36.0,1571.0,11.6,IIL,Type II
71.0,4716.0,15.2,IIn,Type II
64.0,727.0,17.1,IIn,Type II
69.0,3249.0,16.3,II,Type II
60.0,4248.0,17.0,II,Type II
60.0,4248.0,14.0,II,Type II
56.0,2569.0,17.4,II,Type II
56.0,3448.0,16.9,II,Type II
90.0,6910.0,18.9,II,Type II
46.0,7165.0,16.7,II,Type II
68.0,930.0,14.4,II,Type II
21.0,7210.0,17.9,II,Type II
56.0,8012.0,18.5,II,Type II
72.0,3254.0,16.8,II,Type II
71.0,6182.0,19.0,II,Type II
36.0,6132.0,18.0,IIb,Type II
62.0,5259.0,18.6,II,Type II
62.0,7339.0,17.4,IIn,Type II
56.0,1927.0,16.4,II,Type II
87.0,5285.0,18.1,II,Type II
44.0,3119.0,17.0,II,Type II
44.0,3119.0,16.8,II,Type II
47.0,8963.0,18.0,II,Type II
36.0,12589.0,17.3,IIn,Type II
48.0,7396.0,17.3,IIb:,Type II
32.0,278.0,2.9,IIPec,Type II
40.0,475.0,16.0,IIPec,Type II
58.0,1292.0,14.6,IIL,Type II
55.0,6157.0,18.0,II,Type II
27.0,1104.0,15.4,IIP,Type II
46.0,1075.0,13.5,IIP,Type II
83.0,1164.0,14.4,II,Type II
53.0,1636.0,14.1,II,Type II
90.0,4409.0,17.0,II,Type II
71.0,7341.0,18.5,II,Type II
70.0,5996.0,18.0,II,Type II
41.0,6044.0,17.2,II,Type II
50.0,1275.0,17.2,IIPec,Type II
50.0,1275.0,15.0,II,Type II
58.0,4093.0,17.6,II,Type II
41.0,3092.0,17.3,II,Type II
64.0,4964.0,16.8,II,Type II
64.0,11842.0,17.3,II,Type II
68.0,3102.0,15.3,IIn,Type II
54.0,5239.0,17.8,IInPec,Type II
52.0,1406.0,15.1,II,Type II
52.0,1406.0,14.8,IIP,Type II
43.0,4411.0,16.8,II,Type II
79.0,2319.0,16.5,IIP,Type II
86.0,7616.0,20.4,II,Type II
50.0,1449.0,15.6,II,Type II
41.0,2553.0,15.5,II,Type II
59.0,2738.0,16.3,II,Type II
58.0,2770.0,14.8,IIn,Type II
44.0,2791.0,17.0,II,Type II
59.0,2723.0,15.9,II,Type II
44.0,2518.0,15.9,II,Type II
48.0,2282.0,16.7,II,Type II
44.0,8799.0,16.8,II,Type II
58.0,4340.0,16.6,II,Type II
70.0,4486.0,16.1,II,Type II
40.0,2420.0,17.3,II,Type II
60.0,1561.0,14.5,II,Type II
38.0,9293.0,18.3,II,Type II
90.0,5900.0,17.5,IIn,Type II
38.0,4342.0,15.5,IIn,Type II
58.0,2699.0,16.0,II,Type II
24.0,516.0,11.9,IIP,Type II
24.0,516.0,14.0,II,Type II
38.0,2265.0,14.1,IIn,Type II
86.0,2085.0,17.7,II,Type II
61.0,7270.0,17.0,IIPec,Type II
62.0,3758.0,17.4,II,Type II
90.0,2277.0,15.9,II,Type II
36.0,3452.0,18.0,II,Type II
53.0,1904.0,16.0,II,Type II
50.0,4167.0,16.8,II,Type II
27.0,3680.0,17.0,II,Type II
61.0,3109.0,14.0,II,Type II
34.0,10793.0,17.5,II,Type II
73.0,4265.0,18.6,II,Type II
51.0,1981.0,14.0,II,Type II
41.0,942.0,13.0,IIb,Type II
73.0,1571.0,15.0,IIP,Type II
66.0,915.0,12.9,IIn,Type II
90.0,2608.0,15.9,II,Type II
24.0,6100.0,18.3,II,Type II
59.0,9436.0,18.0,II,Type II
70.0,7195.0,17.5,II,Type II
50.0,3117.0,16.5,II,Type II
54.0,6660.0,18.5,II,Type II
38.0,2519.0,17.0,II,Type II
56.0,2135.0,11.7,II:,Type II
17.0,592.0,13.5,II:,Type II
17.0,1566.0,14.0,II,Type II
47.0,2378.0,14.8,IIL,Type II
90.0,774.0,15.0,II,Type II
17.0,592.0,13.5,IIP,Type II
90.0,667.0,13.3,IIL,Type II
48.0,1206.0,12.8,II,Type II
41.0,8883.0,16.3,II,Type II
21.0,609.0,16.8,II,Type II
70.0,1718.0,15.7,II:,Type II
41.0,1302.0,16.8,II,Type II
71.0,772.0,14.9,II,Type II
12.0,809.0,14.0,IIL,Type II
50.0,2643.0,13.0,II,Type II
40.0,475.0,11.5,II,Type II
34.0,1156.0,17.0,IIPec,Type II
74.0,1520.0,14.5,II,Type II
34.0,1156.0,14.7,II,Type II
21.0,986.0,14.8,IIL,Type II
48.0,2115.0,14.6,II:,Type II
30.0,2407.0,14.0,II,Type II
30.0,2410.0,15.7,II,Type II
73.0,699.0,14.5,II,Type II
44.0,518.0,13.1,IIP,Type II
41.0,-169.0,11.0,II:,Type II
43.0,3105.0,16.2,II:,Type II
78.0,2338.0,15.6,II:,Type II
30.0,2407.0,16.1,IIP,Type II
64.0,727.0,15.4,IIP,Type II
24.0,4857.0,16.5,II,Type II
30.0,11818.0,17.0,II,Type II
72.0,1589.0,14.6,II:,Type II
61.0,1289.0,16.0,IIP,Type II
44.0,4370.0,16.9,II:,Type II
21.0,2927.0,14.0,II,Type II
58.0,4093.0,18.5,II,Type II
53.0,1697.0,17.0,II,Type II
77.0,1196.0,13.0,II,Type II
36.0,2683.0,17.0,II,Type II
67.0,565.0,15.5,IIP,Type II
66.0,689.0,16.0,II:,Type II
90.0,1292.0,14.9,IIL,Type II
83.0,1164.0,14.5,II,Type II
58.0,1292.0,13.2,II,Type II
55.0,13685.0,17.5,II,Type II
52.0,1014.0,16.4,II,Type II
84.0,4591.0,16.5,II,Type II
51.0,5578.0,17.4,II,Type II
74.0,2098.0,12.8,II,Type II
90.0,6725.0,18.0,II,Type II
30.0,4252.0,17.5,IIn,Type II
69.0,1991.0,15.5,II,Type II
81.0,1313.0,15.4,IIn,Type II
77.0,1241.0,15.9,IIP,Type II
54.0,8465.0,19.0,II,Type II
90.0,7423.0,19.0,II,Type II
27.0,3362.0,17.0,II,Type II
71.0,11092.0,20.0,II,Type II
63.0,5244.0,18.5,II:,Type II
62.0,9711.0,18.0,II,Type II
12.0,3037.0,16.5,II,Type II
64.0,1793.0,14.6,IIL,Type II
80.0,4314.0,19.0,II,Type II
76.0,3304.0,18.5,II,Type II
38.0,6000.0,17.1,II,Type II
27.0,14310.0,18.4,IIP,Type II
62.0,15289.0,18.0,IIPec,Type II
50.0,1275.0,15.0,II,Type II
36.0,2722.0,14.5,II,Type II
71.0,2940.0,17.5,IIPec,Type II
62.0,9896.0,17.5,II,Type II
30.0,8288.0,18.0,II,Type II
47.0,2044.0,14.7,II,Type II
71.0,2940.0,17.5,II,Type II
40.0,2087.0,16.0,II,Type II
47.0,3380.0,16.0,II,Type II
34.0,9900.0,18.5,IIn,Type II
50.0,1296.0,16.5,IIPec,Type II
24.0,3645.0,16.7,II,Type II
70.0,2388.0,16.5,IIn,Type II
63.0,3257.0,17.0,II,Type II
31.511932842187978,3870.0,15.9,II,Type II
64.54658104186757,1561.0,14.5,II,Type II
14.660806736707144,4099.0,16.2,II:,Type II
26.338819471376894,7396.0,17.3,IIb:,Type II
44.61332922785256,3102.0,15.3,IIn,Type II
52.16862864273991,2723.0,15.9,II,Type II
65.77570351194632,1566.0,14.0,II,Type II
69.75706028010183,1753.0,16.5,II,Type II
71.32585567812845,4342.0,15.5,IIn,Type II
54.45141388877969,13828.0,17.7,II,Type II
61.967216315970575,1753.0,16.5,II,Type II
37.30718826680045,1860.0,16.8,II,Type II
55.18719692314899,1302.0,16.8,II,Type II
48.310977490028186,7195.0,17.5,II,Type II
46.50926241062575,278.0,2.9,IIPec,Type II
51.266453062791506,4866.0,17.5,II,Type II
49.82403566268958,6182.0,19.0,II,Type II
63.291045906953514,5900.0,17.5,IIn,Type II
60.546601609883716,7554.0,18.0,II,Type II
64.27045108431994,4244.0,18.0,II,Type II
42.920359468746625,1164.0,14.5,II,Type II
43.2086040616187,4411.0,16.8,II,Type II
59.36959523583208,2927.0,14.0,II,Type II
76.01736051971812,5761.0,18.0,IIPec,Type II
34.22227568301864,5182.0,16.0,IIn,Type II
30.97369384159559,1478.0,13.0,IIPec,Type II
66.21148395429384,4103.0,16.3,II,Type II
60.99871924686947,930.0,14.4,II,Type II
56.96905764816326,4340.0,16.6,II,Type II
57.042831785161226,6660.0,18.5,II,Type II
62.48580722516621,11818.0,17.0,II,Type II
53.989213772864524,8056.0,17.0,II,Type II
56.67105641568638,2519.0,17.0,II,Type II
56.47830351104341,9233.0,18.0,II,Type II
22.1081925798014,4342.0,15.5,IIn,Type II
49.45470486684986,6910.0,18.9,II,Type II
41.569219154910726,7483.0,18.4,II,Type II
45.2229847530831,5425.0,16.2,IIn,Type II
36.360437092014394,8830.0,18.6,II,Type II
71.90189284416103,2009.0,16.0,II,Type II
46.648470094421306,1718.0,15.7,II:,Type II
55.15632966816098,4103.0,16.3,II,Type II
65.60154547056385,4103.0,16.3,II,Type II
63.16886992533886,7539.0,16.1,II:,Type II
42.024475724730834,6980.0,17.0,II,Type II
69.56927591643729,4629.0,17.0,II,Type II
27.751622952190587,5310.0,16.8,II,Type II
33.030961781053456,5188.0,17.8,II,Type II
62.07401004276967,2608.0,15.9,II,Type II
48.23505412567609,14810.0,18.1,II,Type II
41.59562123107762,5662.0,16.0,II,Type II
59.32944125236573,2569.0,17.4,II,Type II
48.405115930803134,2388.0,16.5,IIn,Type II
62.890208233731116,3448.0,16.9,II,Type II
46.075720977441506,1275.0,15.5,II:,Type II
45.31142177184938,7657.0,18.0,II,Type II
60.45120603229288,4486.0,16.1,II,Type II
43.33440295477329,6044.0,17.2,II,Type II
59.6259897248071,1589.0,14.6,II:,Type II
62.77803126227755,5281.0,17.7,IIPec,Type II
54.32234833109132,5311.0,18.5,II,Type II
42.90589791680751,3256.0,15.5,II,Type II
19.306354219606895,7339.0,17.4,IIn,Type II
24.628896470175047,864.0,15.0,IIP,Type II
30.425301360215983,7885.0,16.8,II,Type II
52.16109140506063,14090.0,17.4,II,Type II
48.99613426971278,5311.0,18.5,II,Type II
47.96970091076213,278.0,2.9,IIPec,Type II
63.682741348715396,8387.0,17.1,II,Type II
35.373704319252,5900.0,17.5,IIn,Type II
32.54353354881998,3102.0,15.3,IIn,Type II
45.040763948008404,11590.0,19.2,II,Type II
26.88731831977364,1082.0,18.2,II,Type II
62.56787267300787,5261.0,17.7,II,Type II
36.843033030193055,10793.0,17.5,II,Type II
23.087196998131947,2633.0,15.1,II,Type II
43.90285094265091,5802.0,17.8,II,Type II
59.53749172643006,2791.0,17.0,II,Type II
84.51174287728776,757.0,15.7,IIP,Type II
43.55073223924492,1270.0,13.5,II,Type II
55.602087162359595,864.0,15.0,IIP,Type II
55.156989516311775,8520.0,17.7,II,Type II
67.60391906547227,8281.0,17.9,II,Type II
61.29770651580377,2905.0,16.8,II,Type II
33.891131921324195,6182.0,19.0,II,Type II
42.90174982584972,1376.0,16.4,II,Type II
41.56908507703538,2558.0,14.4,IIn,Type II
21.135896735555935,1292.0,13.2,II,Type II
49.098274779343924,1420.0,15.7,II,Type II
26.033984362271358,960.0,15.8,IIPec,Type II
59.97152055459691,1481.0,16.0,II,Type II
63.80570850416397,9904.0,17.0,II,Type II
107.53804845408965,5310.0,16.8,II,Type II
60.70943284214275,9340.0,18.8,II,Type II
14.655011000571008,3121.0,17.2,II,Type II
61.367015611890935,1174.0,16.8,II,Type II
48.356196633692434,5244.0,18.5,II:,Type II
36.844628280825226,2082.0,14.0,II,Type II
70.90246295592775,10553.0,18.4,II,Type II
56.36828818674298,4963.0,17.2,IIn,Type II
31.897558161391995,5248.0,16.6,II,Type II
22.289826425476527,2260.0,16.4,II,Type II
54.51833039587506,6910.0,18.9,II,Type II
86.46211048172637,7210.0,17.9,II,Type II
73.55165075337477,4252.0,17.5,IIn,Type II
43.039077089880756,4340.0,16.6,II,Type II
30.689702907429076,2722.0,14.5,II,Type II
37.71025143308574,4388.0,16.2,IIn,Type II
38.55974773862977,4155.0,17.2,IIn,Type II
70.48535492575795,5761.0,18.0,IIPec,Type II
76.17829490860058,4314.0,19.0,II,Type II
56.2453252175947,8856.0,17.0,IIn,Type II
54.662604809925064,6533.0,18.7,II,Type II
40.87505480014146,4277.0,16.9,II,Type II
45.6181763586344,5751.0,17.9,II,Type II
28.103778874510304,8292.0,17.8,IIn,Type II
50.05281977975808,14310.0,18.4,IIP,Type II
85.48370831832631,1296.0,16.5,IIPec,Type II
46.541901087025394,592.0,13.5,IIP,Type II
57.59210603476104,2338.0,15.6,II:,Type II
55.88316352436955,7558.0,17.6,IIn,Type II
41.08849576851431,8856.0,17.0,IIn,Type II
58.56004679045361,1424.0,14.5,IIn,Type II
84.76299233919592,5022.0,18.1,II,Type II
30.81089605119571,4226.0,17.2,II,Type II
27.463421370184644,9610.0,19.2,IIPec,Type II
86.05560925733579,4629.0,17.0,II,Type II
45.7686936121862,7392.0,16.5,II,Type II
82.19878091059599,2319.0,16.5,IIP,Type II
30.617177333377434,8281.0,17.9,II,Type II
66.37251959728,6149.0,18.0,II,Type II
47.94258984379945,4122.0,17.7,II,Type II
48.11064392506088,5398.0,16.5,II,Type II
57.65209892319471,5398.0,16.5,II,Type II
45.49215774014885,13419.0,16.8,II,Type II
63.784842139727544,4388.0,16.2,IIn,Type II
45.8382274515966,14310.0,18.4,IIP,Type II
33.12887594504011,7392.0,16.5,II,Type II
31.760199282110488,8799.0,16.8,II,Type II
47.222391791448466,2845.0,16.4,II,Type II
30.008643518023174,6939.0,18.8,II,Type II
54.03781014915749,4409.0,17.0,II,Type II
59.03562871989825,5662.0,16.0,II,Type II
35.851243640666894,895.0,12.1,IIn,Type II
70.86499762121495,1275.0,15.0,II,Type II
59.24063916744703,2558.0,14.4,IIn,Type II
49.033439625043606,8250.0,18.0,II,Type II
37.23060981922215,9711.0,18.0,II,Type II
55.841423168047825,5398.0,16.5,II,Type II
58.631365653410214,6939.0,18.8,II,Type II
51.87692267329503,2378.0,14.8,IIL,Type II
54.00948030138659,705.0,13.9,IIb,Type II
89.70923218193688,2472.0,16.4,II,Type II
35.8251054994483,6000.0,17.1,II,Type II
26.69137325706799,5239.0,17.8,IInPec,Type II
42.949220445151994,3680.0,17.0,II,Type II
71.20057981756592,667.0,13.3,IIL,Type II
33.78738178559706,6962.0,15.7,IIn,Type II
10.795321847036284,9967.0,18.6,II,Type II
49.846104485707215,2277.0,15.9,II,Type II
44.81043613602804,2282.0,16.7,II,Type II
40.80669424669522,4030.0,18.5,II,Type II
19.98739200187478,2009.0,16.0,II,Type II
20.805145199322308,4716.0,15.2,IIn,Type II
31.49203936410594,1906.0,17.0,II,Type II
31.070726984210996,4439.0,16.4,IIPec,Type II
105.47817673368093,2378.0,14.8,IIL,Type II
29.15461744009138,1571.0,15.0,IIP,Type II
60.35516135104223,5696.0,17.7,II,Type II
83.97073867015744,5090.0,16.3,II,Type II
44.82674714025407,7088.0,16.5,II,Type II
70.26125076446499,4122.0,17.7,II,Type II
39.42182403113625,1566.0,13.0,II:,Type II
48.895862069303426,8292.0,17.8,IIn,Type II
49.758822331201294,5261.0,17.7,II,Type II
45.89618762447385,10193.0,18.4,II,Type II
44.84265417415834,1289.0,16.5,II,Type II
52.747098260595884,13419.0,16.8,II,Type II
53.896380619631024,9986.0,18.3,II,Type II
60.83716363025074,6132.0,18.0,IIb,Type II
56.177309295454656,2940.0,17.5,II,Type II
41.27583965700374,5271.0,18.0,II:,Type II
51.395766493734705,4850.0,17.1,II,Type II
95.92845440429394,4244.0,18.0,II,Type II
52.896214889094786,13828.0,17.7,II,Type II
39.58992763263158,4234.0,17.2,II,Type II
58.93983707185555,2472.0,16.4,II,Type II
34.33087501460771,5022.0,18.1,II,Type II
58.37890379579994,2094.0,16.0,II,Type II
64.52799642206216,2519.0,17.0,II,Type II
72.43377932080621,3119.0,17.0,II,Type II
64.0888612606519,6537.0,18.7,IIb,Type II
41.357775617045064,1480.0,14.5,II,Type II
54.0961894482581,9896.0,17.5,II,Type II
42.5449044468113,1270.0,13.5,II,Type II
43.577245669695685,13828.0,17.7,II,Type II
53.67043820994449,9436.0,18.0,II,Type II
81.2718321299278,4850.0,17.1,II,Type II
50.87345634012643,2519.0,17.0,II,Type II
53.58387794515109,5182.0,16.0,IIn,Type II
40.722201254337186,7789.0,16.1,IIn,Type II
15.122056672513573,9186.0,17.0,II,Type II
84.34033655413447,8292.0,17.8,IIn,Type II
24.789815946733015,1481.0,16.0,II,Type II
43.727253031542226,12594.0,19.0,II,Type II
47.160411827354174,816.0,13.4,IIL,Type II
46.517128780234145,7358.0,18.0,IIb,Type II
79.2809841898059,1927.0,16.4,II,Type II
85.78378982377586,7210.0,17.9,II,Type II
76.13747276819512,565.0,15.5,IIP,Type II
83.67460018524875,5425.0,16.2,IIn,Type II
61.6087624614591,4850.0,17.1,II,Type II
50.14489897011694,3315.0,17.5,II,Type II
55.46604661887365,3680.0,17.0,II,Type II
71.95334033372866,6663.0,17.8,II,Type II
27.29122564497835,8056.0,17.0,II,Type II
49.306179070077306,1566.0,15.6,II,Type II
73.5533406370231,8963.0,18.0,II,Type II
80.70664604640329,1149.0,12.6,IIL,Type II
66.38467781062397,7529.0,17.9,II,Type II
39.53458459131799,19187.0,18.0,IIPec,Type II
31.212942011985035,6725.0,18.0,II,Type II
77.70132922240258,5260.0,15.5,IIn,Type II
65.71034238025771,1904.0,16.0,II,Type II
34.99096721991008,2388.0,16.5,IIn,Type II
55.720574611252125,3758.0,17.4,II,Type II
39.49247397718045,6044.0,17.2,II,Type II
59.98620796774008,960.0,15.8,IIPec,Type II
58.268592814092635,1478.0,13.0,IIPec,Type II
8.421157259331892,4103.0,16.3,II,Type II
55.51007800089593,6132.0,18.0,IIb,Type II
48.69184297173702,19187.0,18.0,IIPec,Type II
13.969253720535896,5794.0,17.5,II,Type II
43.73517051002977,4817.0,17.8,II,Type II
18.68113573318441,592.0,13.5,IIP,Type II
86.4123232343904,616.0,17.4,IIn,Type II
69.35465089325464,4866.0,17.1,II,Type II
42.745692634791524,4248.0,17.0,II,Type II
75.65383824205261,203.0,16.0,II,Type II
57.22834100058447,7210.0,17.9,II,Type II
56.614575554138554,1571.0,15.0,IIP,Type II
36.256206046392776,2518.0,15.9,II,Type II
52.077888281193346,2673.0,16.9,II,Type II
59.277283060490255,8250.0,18.0,II,Type II
31.657699974081073,4099.0,16.2,II:,Type II
51.15213954262262,6725.0,18.0,II,Type II
45.62166881601614,1082.0,18.2,II,Type II
39.87287574407387,3092.0,17.3,II,Type II
68.66186216613725,5025.0,16.9,II,Type II
50.07609659236115,4342.0,15.5,IIn,Type II
65.06070463124848,4716.0,15.2,IIn,Type II
69.41396660947987,2087.0,16.0,II,Type II
98.77037383293336,2963.0,16.8,II,Type II
40.640596767224885,14090.0,17.4,II,Type II
79.73915787792347,7392.0,16.5,II,Type II
40.47098583276795,7392.0,16.5,II,Type II
74.98870518815617,4155.0,15.5,II,Type II
21.820154292081593,6703.0,17.5,II,Type II
26.271606371365028,4754.0,18.5,II,Type II
41.2495877602009,4900.0,18.4,II,Type II
61.170795636093004,10218.0,18.5,II,Type II
58.10536199729693,700.0,15.2,II,Type II
6.055443295700506,4155.0,15.5,II,Type II
54.92883119841036,1586.0,16.0,II,Type II
60.18883115819125,7339.0,17.4,IIn,Type II
63.96988309439013,10553.0,18.4,II,Type II
42.92820093684112,6910.0,18.9,II,Type II
57.26329447588113,3257.0,17.0,II,Type II
57.258351771121596,5198.0,17.1,II,Type II
61.41218913684042,3870.0,15.9,II,Type II
49.42891292878517,8830.0,18.6,II,Type II
58.74699327741602,4092.0,17.5,II,Type II
40.65964939544408,10793.0,17.5,II,Type II
60.89745936521369,9233.0,18.0,II,Type II
53.984806048205684,1697.0,17.0,II,Type II
67.97723025900008,5179.0,16.8,II,Type II
22.315529244207212,915.0,12.9,IIn,Type II
29.27879707478602,4030.0,18.5,II,Type II
36.81405042284154,8056.0,17.0,II,Type II
60.73669904677704,1206.0,12.8,II,Type II
50.53277375549841,14310.0,18.4,IIP,Type II
76.19809454965036,1014.0,16.4,II,Type II
45.689078297954374,915.0,12.9,IIn,Type II
74.57917039992054,592.0,13.5,II:,Type II
37.679632380597035,3522.0,16.7,II,Type II
40.86808008533453,864.0,15.0,IIP,Type II
31.690852002314163,1981.0,14.0,II,Type II
39.780424855017415,11842.0,17.3,II,Type II
88.20542000218225,6537.0,18.7,IIb,Type II
21.985663272292776,1075.0,13.5,IIP,Type II
33.349702501483335,4213.0,16.8,II,Type II
60.24360030461897,10203.0,18.5,II,Type II
18.57414943230065,4421.0,17.0,II,Type II
65.57828832429762,518.0,13.1,IIP,Type II
44.349354729038225,5761.0,18.0,IIPec,Type II
30.568716904781834,8067.0,17.5,II,Type II
62.04802013704071,2777.0,16.5,IIPec:,Type II
51.25607772112394,5425.0,18.0,II:,Type II
58.049437415560924,1156.0,14.7,II,Type II
81.41956455448035,1174.0,16.8,II,Type II
21.28100918637628,717.0,13.8,IIP,Type II
73.16830451921555,700.0,15.2,II,Type II
76.60206702583976,6595.0,18.7,II,Type II
50.461313263843536,1571.0,11.6,IIL,Type II
55.394942307954224,5425.0,15.5,II,Type II
91.91921430272589,5280.0,17.9,II,Type II
47.99654891475935,1478.0,13.0,IIPec,Type II
61.35481246036534,616.0,17.4,IIn,Type II
37.27016466533722,2094.0,16.0,II,Type II
58.396668589167284,517.0,14.8,IIn,Type II
52.15900232222955,48.0,12.2,II,Type II
30.163168020220088,1149.0,12.6,IIL,Type II
9.550087978031605,1566.0,14.0,II,Type II
22.61788702282437,131.0,11.3,IIP,Type II
45.92308599055761,1292.0,14.9,IIL,Type II
89.0726739490333,5179.0,16.8,II,Type II
34.28319722447645,6437.0,17.5,II,Type II
56.181587121203826,1524.0,14.2,II,Type II
49.68379337300911,5430.0,18.1,II,Type II
58.557368214422155,475.0,16.0,IIPec,Type II
45.83378577554863,1238.0,15.2,IIL,Type II
69.17441429283299,8856.0,17.0,IIn,Type II
48.78586685052466,9100.0,17.0,II,Type II
106.23710169035002,4754.0,18.5,II,Type II
85.73163434460199,4314.0,19.0,II,Type II
53.25141084599459,10622.0,18.8,II,Type II
58.70129181800396,1082.0,18.2,II,Type II
48.26140388563323,1292.0,14.9,IIL,Type II
62.63579412576276,8946.0,19.3,II,Type II
40.65761897275797,3452.0,18.0,II,Type II
63.49917516467225,3124.0,15.8,II:,Type II
67.17690781793696,2905.0,16.8,II,Type II
63.75591760219701,1156.0,17.0,IIPec,Type II
44.70225518837781,2378.0,14.8,IIL,Type II
46.178416545234455,4103.0,16.3,II,Type II
76.74797447981678,241.0,17.5,II:,Type II
48.232029589713086,4939.0,17.7,II,Type II
13.232655846864048,1406.0,14.8,IIP,Type II
80.08634198599702,6157.0,18.0,II,Type II
70.0741166988381,1718.0,15.7,II:,Type II
21.723656222363026,1480.0,14.5,II,Type II
-1.113896006506721,3277.0,17.3,II,Type II
100.36898522092082,5281.0,17.7,IIPec,Type II
61.91576264362936,3037.0,16.5,II,Type II
60.610993169448236,7271.0,17.5,II,Type II
25.730375645048653,4122.0,17.7,II,Type II
53.5794556611838,2553.0,15.5,II,Type II
52.380046662936664,7923.0,18.7,II,Type II
60.70856145623266,3254.0,16.8,II,Type II
68.03340373863858,203.0,16.0,II,Type II
67.51403753645437,1164.0,14.4,II,Type II
83.60302941886603,7657.0,18.0,II,Type II
36.72834267647758,3037.0,16.5,II,Type II
79.1749961017693,7483.0,18.4,II,Type II
75.47838057920944,4716.0,15.2,IIn,Type II
44.22524714169179,2562.0,15.9,IIn,Type II
60.19783618292495,3128.0,18.2,II,Type II
54.912491456035205,3730.0,15.3,II,Type II
43.53312372711659,5225.0,16.1,II,Type II
33.7823316086095,7558.0,17.6,IIn,Type II
58.7111289489362,7937.0,17.1,II,Type II
27.622886519873088,4093.0,18.5,II,Type II
40.15835585316851,8818.0,17.6,II,Type II
69.15000608947253,875.0,13.0,IIL,Type II
42.16324183213696,1275.0,17.2,IIPec,Type II
22.384033497125323,2905.0,16.8,II,Type II
54.87020939179479,2378.0,14.8,IIL,Type II
48.866600007983976,774.0,15.0,II,Type II
49.589358932966,5704.0,17.2,II,Type II
54.52816162383196,930.0,14.4,II,Type II
70.60407969404669,1275.0,17.2,IIPec,Type II
60.948197179236566,816.0,13.4,IIL,Type II
63.83683388283734,5578.0,17.4,II,Type II
54.44629899999337,592.0,13.5,IIP,Type II
53.11286005794276,3119.0,17.0,II,Type II
41.328513944254375,8883.0,16.3,II,Type II
32.39505156222471,517.0,14.8,IIn,Type II
28.39912699393805,2626.0,15.7,II,Type II
46.06676817497607,1583.0,16.8,II,Type II
35.76006119536733,7554.0,18.0,II,Type II
59.74379954845284,4963.0,17.2,IIn,Type II
45.689095859068615,48.0,11.6,IIL,Type II
73.07583603357452,6528.0,18.9,II,Type II
64.80425602095481,8281.0,17.5,II,Type II
41.475985283434774,852.0,15.7,II,Type II
65.7130223735836,6939.0,18.8,II,Type II
21.43156995065331,1584.0,14.0,II,Type II
52.712587285305524,757.0,15.7,IIP,Type II
39.065604515944045,1481.0,16.9,II,Type II
58.42598105819564,3320.0,17.1,IIb,Type II
74.64767237395074,1636.0,14.1,II,Type II
75.7032292742792,8288.0,18.0,II,Type II
63.09738362421529,2940.0,17.5,II,Type II
6.593659907751054,2723.0,15.9,II,Type II
45.006996009011786,10553.0,18.4,II,Type II
38.01940232330739,4314.0,19.0,II,Type II
93.06849380822737,3582.0,17.3,II,Type II
31.054212087913417,2009.0,16.0,II,Type II
47.64413500054734,1571.0,11.6,IIL,Type II
85.6562088886685,4835.0,17.8,II,Type II
61.567889135237294,1586.0,17.2,II,Type II
90.8608036191244,2940.0,17.5,II,Type II
36.71626588893322,15289.0,18.0,IIPec,Type II
21.60005908612082,1449.0,15.6,II,Type II
44.04265345866923,1419.0,15.2,II,Type II
37.688025495184974,13491.0,18.4,II,Type II
54.53575652627584,2115.0,14.6,II:,Type II
22.37304571375084,2940.0,17.5,II,Type II
44.00081704382187,4092.0,17.5,II,Type II
74.66551487007291,1424.0,14.5,IIn,Type II
41.90739155532877,2887.0,16.6,IIn,Type II
58.365635940472686,7539.0,16.1,II:,Type II
59.50093219208571,3256.0,15.5,II,Type II
22.80302305771926,6100.0,18.3,II,Type II
34.26260392546884,11092.0,20.0,II,Type II
58.13031236860144,6132.0,17.8,II,Type II
61.19771805076036,2518.0,15.9,II,Type II
33.840138028361615,1636.0,14.1,II,Type II
65.47296845246416,1406.0,15.1,II,Type II
56.48078184508684,1406.0,15.1,II,Type II
85.07792638143837,4093.0,18.5,II,Type II
42.06861873401329,2556.0,15.0,IIn,Type II
53.77325002402081,12702.0,18.5,II,Type II
43.35429279015007,4418.0,17.7,IIn,Type II
45.85076698350978,1906.0,17.0,II,Type II
44.827713495414784,4941.0,16.9,II,Type II
30.07870453178991,9091.0,17.5,II,Type II
6.844007616595846,7210.0,17.9,II,Type II
98.51676249521734,1843.0,14.5,II,Type II
43.3806405370947,7195.0,17.2,II,Type II
42.39523961805583,1075.0,13.5,IIP,Type II
48.59337572680895,960.0,15.8,IIPec,Type II
32.48978625130262,1543.0,15.9,IIb:,Type II
54.508193282557585,-169.0,11.0,II:,Type II
25.685388150275834,3254.0,16.8,II,Type II
62.732639087420125,7885.0,16.8,II,Type II
54.10054662046374,8898.0,17.8,IIn,Type II
48.206529525436274,3257.0,17.0,II,Type II
62.54275358054371,8898.0,17.8,IIn,Type II
18.52928801294206,592.0,14.6,II,Type II
46.889212469523216,5231.0,17.7,II,Type II
85.90655979287747,9723.0,18.1,IIn,Type II
90.70520629174995,2145.0,18.3,IIP,Type II
29.729914954237145,5144.0,16.2,IIP,Type II
56.26397634208902,7615.0,17.0,II,Type II
38.40267121929267,2702.0,16.9,II,Type II
81.52867132867001,4314.0,19.0,II,Type II
39.867634420681085,1149.0,12.6,IIL,Type II
52.49699058321491,3105.0,16.2,II:,Type II
36.4478710123654,3037.0,16.5,II,Type II
50.38330334558113,8288.0,18.0,II,Type II
18.11905909680562,10553.0,18.4,II,Type II
56.79129340809225,7740.0,16.0,IIn,Type II
38.43179366856061,10330.0,17.4,II,Type II
71.12239526594863,2940.0,17.5,II,Type II
56.333044744262814,1406.0,14.8,IIP,Type II
30.190753397941766,6939.0,18.8,II,Type II
64.90994114279393,2558.0,14.4,IIn,Type II
96.0974171765782,8281.0,17.5,II,Type II
62.28726720949572,2399.0,16.5,II,Type II
48.50962982796529,9967.0,18.6,II,Type II
66.08830603640837,7270.0,17.0,IIPec,Type II
73.63922333084258,809.0,14.0,IIL,Type II
43.92236818122675,5696.0,17.7,II,Type II
41.937712396785535,8979.0,18.1,II,Type II
38.93050887940734,942.0,13.0,IIb,Type II
66.76536094096974,7558.0,17.6,IIn,Type II
81.56115002922446,6743.0,17.8,II,Type II
43.60708635986032,5413.0,16.7,II,Type II
63.439254008159025,727.0,17.1,IIn,Type II
63.68472684716929,2098.0,12.8,II,Type II
6.849087194371535,5662.0,16.0,II,Type II
39.66093309439978,5239.0,17.8,IInPec,Type II
14.643400122224435,1534.0,18.0,IIn:,Type II
38.84029957367085,1174.0,16.8,II,Type II
50.7935204036468,4939.0,17.7,II,Type II
52.870229908683136,2085.0,17.7,II,Type II
35.33604357164026,774.0,16.1,II,Type II
66.01460183551895,1149.0,12.6,IIL,Type II
33.24858417734409,3124.0,15.8,II:,Type II
65.58176258974665,1753.0,16.5,II,Type II
38.62555968212756,-34.0,10.8,IIb,Type II
53.525425134081765,2410.0,16.3,II,Type II
67.36350635293633,1481.0,16.0,II,Type II
55.96939142178536,1481.0,16.9,II,Type II
41.47341374786761,2643.0,13.0,II,Type II
22.27087403023257,5310.0,16.8,II,Type II
65.80835519904421,8450.0,18.4,II,Type II
34.22485675490303,1543.0,15.9,IIb:,Type II
48.02685020614156,4342.0,15.5,IIn,Type II
8.08684064129799,4388.0,16.2,IIn,Type II
24.4875530861626,1275.0,15.5,II:,Type II
73.3127474414508,2643.0,13.0,II,Type II
56.821847241670845,7339.0,17.4,IIn,Type II
30.244680180336868,4439.0,16.4,IIPec,Type II
30.726572218204286,4591.0,16.5,II,Type II
46.59561300555613,2643.0,13.0,II,Type II
60.86616811024457,1164.0,14.4,II,Type II
54.79486981693156,7088.0,16.5,II,Type II
56.07978172966437,4787.0,17.0,II,Type II
68.60691608076114,5578.0,17.4,II,Type II
25.40560863832945,4059.0,18.0,II,Type II
73.1901321302277,6157.0,18.0,II,Type II
74.79854614734842,8290.0,18.1,II,Type II
18.366319039448612,2410.0,16.3,II,Type II
