Gi,GVhel,mag,Type,Type I Label
36.0,8590.0,18.7,Ia,Type I
71.0,4172.0,17.7,Ia,Type I
70.0,6811.0,16.2,Ia,Type I
90.0,7285.0,17.6,Ib/c,Type I
60.0,7627.0,16.6,Ia,Type I
71.0,5425.0,15.8,Ia,Type I
32.0,4295.0,14.7,IaPec,Type I
65.0,12320.0,16.4,Ia,Type I
17.0,4921.0,18.0,Ib,Type I
38.0,9997.0,17.1,Ib,Type I
30.0,10894.0,19.0,Ia,Type I
57.0,5388.0,16.4,Ia,Type I
32.0,8853.0,18.2,Ib,Type I
30.0,4488.0,15.1,I,Type I
43.0,4513.0,17.8,Ia,Type I
43.0,583.0,15.0,I,Type I
62.0,5783.0,15.5,Ia,Type I
30.0,4963.0,18.1,Ib/c,Type I
55.0,5881.0,18.2,Ic,Type I
17.0,8523.0,16.0,IaPec,Type I
69.0,5989.0,17.1,Ia,Type I
56.0,3503.0,14.0,Ia,Type I
48.0,5190.0,15.9,Ia,Type I
74.0,10494.0,17.0,Ia,Type I
0.0,5012.0,15.0,Ia,Type I
71.0,6253.0,17.5,I,Type I
68.0,5319.0,15.0,Ia,Type I
47.0,4114.0,15.4,Ia,Type I
77.0,4758.0,14.6,Ia,Type I
50.0,5654.0,15.5,Ia,Type I
24.0,13599.0,17.8,Ia,Type I
56.0,10869.0,16.2,Ia:,Type I
34.0,8994.0,16.3,Ia,Type I
55.0,3777.0,17.5,Ic,Type I
74.0,11313.0,17.2,Ia,Type I
84.0,8018.0,16.1,Ia,Type I
76.0,626.0,12.9,Ia,Type I
38.0,6493.0,17.3,Ic,Type I
47.0,11103.0,16.5,Ia,Type I
65.0,6388.0,17.3,IaPec,Type I
47.0,10664.0,18.6,Ic,Type I
21.0,15000.0,18.5,Ia,Type I
66.0,5876.0,15.4,Ia,Type I
74.0,-300.0,5.8,IPec,Type I
59.0,4114.0,16.1,Ia,Type I
47.0,3934.0,17.6,Ib,Type I
47.0,3934.0,17.8,Ia,Type I
43.0,2476.0,16.1,Ic,Type I
17.0,1556.0,15.2,Ib:,Type I
55.0,5511.0,17.8,Ia,Type I
38.0,1354.0,13.9,Ia,Type I
47.0,6017.0,16.9,Ia,Type I
55.0,1157.0,13.1,Ia,Type I
70.0,1271.0,13.8,Ia,Type I
70.0,1271.0,16.6,Ia,Type I
17.0,7714.0,16.8,Ia,Type I
62.0,4059.0,14.9,Ia,Type I
30.0,26682.0,19.2,Ia,Type I
59.0,5938.0,17.8,Ib,Type I
46.0,6299.0,18.9,Ic,Type I
32.0,7616.0,18.5,I,Type I
41.0,4330.0,14.8,IaPec,Type I
75.0,4480.0,16.6,I,Type I
65.0,3582.0,15.5,I,Type I
38.0,7023.0,18.6,Ia,Type I
77.0,5535.0,16.6,Ia,Type I
56.0,2135.0,13.7,Ia,Type I
79.0,1947.0,17.5,Ib,Type I
50.0,16489.0,17.8,Ia,Type I
44.0,6303.0,16.3,Ia,Type I
58.0,5164.0,16.7,Ib,Type I
84.0,5086.0,17.3,Ia,Type I
73.0,4753.0,16.5,IcPec,Type I
61.0,1586.0,13.6,Ia,Type I
86.0,10727.0,15.0,Ia,Type I
64.0,8914.0,18.0,Ia,Type I
36.0,2080.0,16.3,Ia,Type I
12.0,809.0,13.6,Ib,Type I
62.0,1052.0,14.4,Ia,Type I
52.0,10003.0,18.1,Ia,Type I
55.0,1541.0,13.4,Ia,Type I
30.0,5144.0,16.8,Ib/c,Type I
90.0,6795.0,17.3,Ib/c,Type I
90.0,4841.0,17.2,Ia,Type I
73.0,663.0,17.3,Ib:,Type I
58.0,7919.0,16.3,Ia,Type I
30.0,1109.0,12.4,Ia,Type I
21.0,954.0,13.3,Ia,Type I
21.0,954.0,12.3,Ia,Type I
56.0,16000.0,17.1,Ia,Type I
32.0,16788.0,17.4,IaPec,Type I
51.0,16489.0,17.8,Ia,Type I
69.0,1716.0,14.0,Ic,Type I
24.0,3188.0,16.3,Ic,Type I
17.0,993.0,14.1,Ib/c,Type I
47.0,16908.0,19.0,Ia,Type I
47.0,7254.0,16.6,Ia,Type I
47.0,3121.0,14.0,Ib,Type I
24.0,9978.0,17.0,Ia,Type I
68.0,6935.0,17.2,Ia,Type I
41.0,4059.0,16.5,Ib,Type I
36.0,5260.0,16.8,Ic,Type I
47.0,7907.0,18.0,Ic,Type I
21.0,3504.0,16.5,IcPec,Type I
47.0,3034.0,14.2,Ia,Type I
50.0,5719.0,15.3,Ia,Type I
53.0,7668.0,18.8,Ia,Type I
57.0,5966.0,16.9,Ia,Type I
73.0,4998.0,15.5,Ia,Type I
73.0,4998.0,18.0,Ia,Type I
36.0,7908.0,17.0,Ia,Type I
57.0,3280.0,14.7,Ia,Type I
51.0,6798.0,17.5,Ib,Type I
74.0,4500.0,14.2,Ia,Type I
41.0,4053.0,17.5,Ib,Type I
63.0,638.0,14.2,IPec,Type I
63.0,638.0,13.1,IaPec,Type I
64.0,5777.0,18.3,Ia,Type I
38.0,5079.0,16.7,Ia,Type I
74.0,1518.0,14.8,Ib/c,Type I
90.0,1125.0,17.7,Ic,Type I
50.0,5158.0,16.8,Ia,Type I
86.0,6591.0,17.4,Ib/c,Type I
90.0,2696.0,15.8,Ia,Type I
30.0,2820.0,14.5,Ia,Type I
34.0,7221.0,16.5,Ia,Type I
59.0,5927.0,16.2,Ia,Type I
38.0,3809.0,17.8,Ia,Type I
21.0,11200.0,18.5,Ia,Type I
90.0,7115.0,16.6,Ia,Type I
60.0,4888.0,16.6,Ia,Type I
51.0,4059.0,15.6,Ia,Type I
61.0,6538.0,16.2,Ia,Type I
71.0,1476.0,13.9,Ia,Type I
24.0,3470.0,16.8,Ia,Type I
56.0,2204.0,14.2,Ia,Type I
61.0,2222.0,13.5,Ia,Type I
43.0,11798.0,17.0,I,Type I
44.0,12814.0,16.9,Ia,Type I
0.0,6613.0,15.8,Ia,Type I
72.0,2169.0,14.4,Ia,Type I
66.0,11167.0,18.0,Ia,Type I
47.0,11018.0,16.6,Ia,Type I
90.0,5495.0,17.1,Ic,Type I
0.0,10051.0,17.5,Ia,Type I
44.0,15830.0,18.5,Ia,Type I
40.0,19187.0,19.5,Ia,Type I
77.0,5166.0,18.5,Ib/cPec,Type I
57.0,9067.0,16.7,Ia,Type I
43.0,11138.0,16.9,Ia,Type I
56.0,10403.0,18.1,I,Type I
40.0,6868.0,17.0,I,Type I
51.0,22594.0,17.5,Ia,Type I
70.0,10408.0,16.4,Ia,Type I
87.0,6663.0,17.1,Ia,Type I
34.0,18353.0,18.0,Ia:,Type I
12.0,8857.0,17.2,Ia,Type I
38.0,8429.0,16.0,Ia,Type I
48.0,8637.0,15.7,Ia,Type I
34.0,9546.0,17.4,Ic,Type I
32.0,8957.0,18.0,Ia,Type I
86.0,10804.0,18.2,Ia,Type I
48.0,9186.0,18.0,Ib/c,Type I
70.0,6378.0,18.4,Ic,Type I
27.0,9392.0,16.1,Ia,Type I
30.0,9422.0,18.0,Ia,Type I
90.0,6595.0,17.5,Ia,Type I
38.0,5962.0,16.8,Ia,Type I
44.0,9224.0,18.8,Ic:,Type I
27.0,11992.0,17.1,Ia,Type I
62.0,9003.0,16.7,Ia,Type I
47.0,5595.0,18.1,I:,Type I
62.0,8496.0,18.0,Ia,Type I
44.0,7918.0,18.6,Ib,Type I
55.0,11950.0,18.5,Ia,Type I
48.0,7654.0,18.7,Ia,Type I
62.0,6248.0,15.4,I,Type I
36.0,5608.0,18.8,Ic,Type I
73.0,6989.0,15.8,I,Type I
50.0,7265.0,15.7,Ia,Type I
53.0,8936.0,16.1,Ia,Type I
36.0,10114.0,17.3,Ia,Type I
38.0,7322.0,19.5,Ia:,Type I
67.0,7353.0,15.8,Ia,Type I
43.0,7120.0,16.3,Ia,Type I
83.0,5032.0,17.5,Ic,Type I
70.0,3689.0,15.5,Ia,Type I
71.0,2751.0,16.3,Ia,Type I
90.0,2237.0,17.9,Ib/cPec,Type I
60.0,3491.0,15.9,Ic:,Type I
38.0,3042.0,15.5,Ia,Type I
24.0,17911.0,17.4,Ia,Type I
58.0,8094.0,16.6,Ia,Type I
65.0,946.0,16.9,Ia:,Type I
24.0,321.0,8.5,Ia,Type I
0.0,10493.0,16.2,Ia,Type I
54.0,504.0,11.9,Ia,Type I
21.0,8134.0,16.6,IaPec,Type I
40.0,544.0,12.1,Ib,Type I
81.0,566.0,14.5,I,Type I
47.0,463.0,13.7,Ic,Type I
41.0,7541.0,17.0,Ic,Type I
73.0,11700.0,18.0,Ia,Type I
50.0,24013.0,18.0,Ia,Type I
76.0,4806.0,14.4,Ia,Type I
41.0,2513.0,16.0,Ib,Type I
27.0,10715.0,17.5,Ic:,Type I
53.0,3390.0,15.6,I,Type I
36.0,10859.0,16.0,Ia,Type I
44.0,2000.0,14.2,Ia,Type I
72.0,13531.0,17.1,Ia,Type I
46.0,1914.0,13.4,Ia,Type I
38.0,12483.0,16.5,Ia,Type I
41.0,9244.0,19.2,Ia,Type I
69.0,10793.0,17.0,Ia,Type I
32.0,6540.0,15.4,Ia,Type I
60.0,6687.0,17.7,Ib/c,Type I
27.0,8750.0,18.2,Ia,Type I
90.0,2041.0,14.9,Ia,Type I
50.0,25362.0,17.5,Ic,Type I
36.0,2732.0,16.8,Ic,Type I
67.0,12200.0,16.1,Ia,Type I
57.0,6637.0,15.2,Ia,Type I
73.0,6204.0,16.1,Ia,Type I
73.0,4694.0,16.4,Ia,Type I
79.0,4707.0,16.2,Ia,Type I
21.0,4812.0,17.5,Ia,Type I
72.0,5844.0,18.6,Ib/c,Type I
60.0,7355.0,18.6,Ic:,Type I
21.0,4708.0,15.7,Ia,Type I
17.0,4839.0,16.8,Ic,Type I
73.0,10328.0,18.1,Ia,Type I
50.0,8255.0,17.6,Ia,Type I
67.0,7152.0,16.5,Ia,Type I
41.0,6610.0,17.0,Ia,Type I
0.0,6576.0,14.9,Ia,Type I
64.0,6430.0,17.5,Ia,Type I
73.0,4493.0,15.8,Ia,Type I
90.0,4872.0,17.7,IaPec,Type I
74.0,5444.0,17.8,Ib,Type I
43.0,5338.0,18.0,Ia,Type I
70.0,9313.0,17.2,Ia,Type I
44.0,8945.0,18.2,Ia,Type I
47.0,4588.0,18.7,Ib,Type I
48.0,6184.0,16.0,Ia,Type I
66.0,7890.0,15.8,Ib/c:,Type I
12.0,5482.0,18.0,Ic,Type I
27.0,8989.0,18.1,Ic:,Type I
54.0,14990.0,18.6,Ia,Type I
51.0,3101.0,16.4,Ia,Type I
30.0,48.0,13.2,I:,Type I
78.0,7495.0,17.5,Ia,Type I
36.0,2761.0,16.5,Ia,Type I
41.0,1424.0,13.8,Ia,Type I
87.0,4393.0,16.5,Ia,Type I
80.0,9021.0,17.5,Ia,Type I
78.0,8803.0,16.3,Ia:,Type I
50.0,16668.0,18.5,Ia,Type I
71.0,3899.0,15.6,Ia,Type I
24.0,16189.0,17.5,Ia,Type I
52.0,14787.0,18.8,Ia,Type I
40.0,5635.0,16.2,Ia,Type I
46.0,8021.0,18.2,Ib,Type I
61.0,7691.0,16.3,Ia,Type I
27.0,7188.0,16.2,Ia,Type I
44.0,16690.0,17.6,Ia,Type I
65.0,3709.0,14.3,Ia,Type I
68.0,5361.0,18.3,Ib/c,Type I
63.0,7271.0,15.9,Ia,Type I
72.0,7649.0,18.1,Ia,Type I
40.0,4078.0,16.0,Ia,Type I
90.0,1968.0,14.9,Ia,Type I
0.0,18008.0,18.5,Ia,Type I
27.0,5712.0,15.5,Ia,Type I
48.0,2288.0,16.7,Ic:,Type I
38.0,1430.0,13.4,IaPec,Type I
32.0,5915.0,15.9,Ia,Type I
12.0,9108.0,16.3,Ia,Type I
65.0,3963.0,15.2,Ia,Type I
44.0,5361.0,17.7,Ic,Type I
36.0,4561.0,17.0,Ib,Type I
34.0,3168.0,13.8,IaPec?,Type I
36.0,4980.0,14.5,Ia,Type I
41.0,5182.0,16.1,Ia,Type I
0.0,2379.0,13.3,IaPec,Type I
21.0,4485.0,14.9,Ia,Type I
24.0,657.0,12.4,IcPec,Type I
68.0,4876.0,16.5,Ia,Type I
82.0,14990.0,17.2,IaPec:,Type I
58.0,2233.0,13.7,Ia,Type I
43.0,5654.0,16.0,IcPec,Type I
60.0,9613.0,17.3,Ia,Type I
48.0,2798.0,15.7,Ib/c,Type I
44.0,3192.0,17.1,Ib,Type I
73.0,2678.0,13.9,Ia,Type I
27.0,6118.0,15.4,Ia,Type I
17.0,4750.0,16.0,Ia,Type I
90.0,2931.0,16.7,Ic,Type I
90.0,7423.0,15.5,Ia,Type I
24.0,10232.0,18.3,Ia,Type I
77.0,6271.0,19.5,Ic,Type I
56.0,5379.0,18.2,Ia,Type I
59.0,5155.0,16.3,Ia,Type I
24.0,10793.0,17.0,Ia,Type I
36.0,5257.0,16.6,IaPec,Type I
67.0,11542.0,16.4,Ia,Type I
51.0,5133.0,16.4,Ia,Type I
44.0,8852.0,15.5,Ia,Type I
24.0,11733.0,17.5,Ia,Type I
41.0,4990.0,16.8,Ia,Type I
41.0,2381.0,15.9,Ic,Type I
67.0,2194.0,15.3,Ia,Type I
46.0,3489.0,17.5,Ib,Type I
46.0,3489.0,15.1,Ia,Type I
62.0,7524.0,17.6,Ic:,Type I
24.0,9290.0,17.5,Ia,Type I
53.0,7531.0,17.2,Ia,Type I
27.0,4828.0,16.6,Ia,Type I
65.0,9034.0,17.2,Ia,Type I
65.0,9034.0,18.2,Ia,Type I
53.0,7100.0,18.8,Ia,Type I
60.0,2741.0,17.2,Ib,Type I
73.0,7495.0,17.5,Ia,Type I
54.0,2142.0,14.3,Ia,Type I
60.0,6790.0,17.8,Ic,Type I
36.0,1602.0,19.1,Ib,Type I
61.0,1939.0,15.4,Ic:,Type I
43.0,3120.0,16.6,Ib/c,Type I
90.0,2215.0,14.3,Ia,Type I
54.0,4603.0,18.0,Ib,Type I
41.0,13922.0,18.5,Ib/c,Type I
57.0,7495.0,17.0,Ia,Type I
40.0,4547.0,15.0,Ia,Type I
53.0,3901.0,15.0,Ia,Type I
62.0,9620.0,17.4,Ia,Type I
61.0,5436.0,18.8,Ia,Type I
81.0,3813.0,17.0,Ia,Type I
72.0,2716.0,17.0,Ia,Type I
53.0,6408.0,16.0,Ia,Type I
74.0,6401.0,17.7,Ia,Type I
76.0,3793.0,16.3,Ia,Type I
78.0,4377.0,17.3,IaPec,Type I
60.0,3945.0,17.3,I:,Type I
53.0,9509.0,18.0,Ia,Type I
44.0,5169.0,15.9,Ia,Type I
68.0,5253.0,17.9,Ia,Type I
56.0,8819.0,15.9,Ia,Type I
71.0,1792.0,13.4,Ia,Type I
51.0,7024.0,17.0,Ia,Type I
53.0,1741.0,14.7,Ia,Type I
59.0,2446.0,16.0,Ia,Type I
52.0,6838.0,16.0,Ia,Type I
82.0,4963.0,15.9,Ia,Type I
24.0,2625.0,13.8,Ia,Type I
53.0,2492.0,14.2,Ia,Type I
90.0,7057.0,15.8,Ia,Type I
36.0,8190.0,18.0,Ia,Type I
51.0,3729.0,16.6,Ic,Type I
51.0,3729.0,16.4,IbPec,Type I
21.0,5462.0,17.0,Ic,Type I
58.0,7628.0,16.8,Ia,Type I
44.0,5774.0,15.5,Ia,Type I
79.0,4567.0,15.4,Ia,Type I
80.0,5192.0,16.0,Ia,Type I
90.0,5536.0,19.1,Ib/cPec,Type I
59.0,12528.0,16.5,Ib,Type I
58.0,2895.0,14.1,Ia,Type I
68.0,8517.0,17.3,Ia,Type I
30.0,6679.0,16.7,Ia,Type I
72.0,1330.0,14.0,Ia,Type I
38.0,6978.0,17.3,Ia,Type I
69.0,10390.0,17.3,Ia,Type I
21.0,2845.0,14.2,Ia,Type I
21.0,2845.0,14.2,Ia,Type I
36.0,2711.0,12.4,Ia,Type I
67.0,1552.0,14.1,Ic:,Type I
40.0,1635.0,14.7,Ic,Type I
80.0,7098.0,18.0,Ia,Type I
38.0,21397.0,21.6,Ic,Type I
36.0,4650.0,17.0,Ia,Type I
30.0,1583.0,12.8,I,Type I
71.0,7573.0,18.0,Ia,Type I
38.0,14397.0,17.4,Ia,Type I
59.0,1239.0,12.9,Ia,Type I
84.0,3042.0,14.0,I,Type I
68.0,1808.0,12.0,Ia,Type I
83.0,23264.0,18.5,Ia:,Type I
48.0,7685.0,16.5,Ia,Type I
78.0,2217.0,14.0,Ia,Type I
73.0,1736.0,11.6,IaPec?,Type I
41.0,1730.0,11.6,Ia,Type I
40.0,6906.0,15.9,Ia,Type I
82.0,6986.0,16.2,Ia,Type I
59.0,4030.0,15.3,Ib,Type I
21.0,7972.0,16.7,Ia,Type I
66.0,5996.0,20.9,Ic:,Type I
52.0,5400.0,17.5,IaPec,Type I
51.0,6845.0,16.1,Ia,Type I
66.0,7109.0,16.5,Ia,Type I
66.0,7651.0,17.6,Ia,Type I
52.0,1966.0,13.4,Ia,Type I
57.0,5322.0,17.6,Ib,Type I
62.0,5514.0,17.3,Ia:,Type I
24.0,6403.0,15.1,Ic,Type I
48.0,897.0,11.9,Ia,Type I
12.0,3037.0,14.4,Ia,Type I
12.0,3037.0,15.9,IaPec,Type I
24.0,9686.0,16.8,Ia,Type I
53.0,1981.0,13.0,Ia,Type I
30.0,11152.0,18.0,Ia,Type I
90.0,2197.0,15.0,Ia,Type I
71.0,448.0,11.8,Ia,Type I
47.0,12861.0,18.0,Ia,Type I
65.0,2255.0,14.5,Ib,Type I
65.0,2255.0,17.1,Ic,Type I
76.0,378.0,13.1,I,Type I
87.0,-122.0,13.3,Ic,Type I
47.0,993.0,14.1,Ic,Type I
47.0,993.0,15.0,Ib,Type I
54.0,1859.0,13.5,Ia,Type I
71.0,7615.0,16.1,Ia,Type I
38.0,1519.0,12.6,Ia,Type I
51.0,1010.0,12.7,Ia,Type I
27.0,13720.0,18.0,Ia,Type I
59.0,2281.0,13.4,Ia,Type I
73.0,-261.0,12.4,Ia,Type I
40.0,6870.0,16.5,Ia,Type I
36.0,1571.0,17.5,I,Type I
36.0,1571.0,15.6,I,Type I
40.0,729.0,12.0,I,Type I
34.0,7042.0,17.0,Ia,Type I
50.0,7115.0,17.8,Ia,Type I
64.0,727.0,11.9,Ia,Type I
50.0,1473.0,14.7,Ib/c,Type I
41.0,6197.0,17.5,Ia,Type I
60.0,9022.0,16.5,Ia,Type I
56.0,1279.0,13.2,Ia,Type I
30.0,10248.0,17.0,Ia,Type I
74.0,1283.0,17.5,Ic:,Type I
82.0,6306.0,15.5,Ia,Type I
38.0,14577.0,17.5,I,Type I
84.0,4502.0,14.5,Ia,Type I
60.0,4771.0,15.8,Ic,Type I
65.0,4550.0,14.8,Ia,Type I
77.0,3928.0,18.5,Ia,Type I
56.0,8639.0,17.8,Ia,Type I
63.0,2507.0,14.0,Ia,Type I
60.0,2678.0,17.5,Ic,Type I
60.0,2678.0,14.3,Ia,Type I
71.0,5197.0,17.4,Ia,Type I
41.0,4211.0,14.5,Ia,Type I
41.0,4211.0,17.5,Ia,Type I
90.0,5902.0,16.4,Ia,Type I
70.0,4794.0,15.2,IaPec,Type I
68.0,1573.0,17.6,Ib,Type I
82.0,6716.0,15.9,Ia,Type I
69.0,2569.0,14.6,Ia,Type I
57.0,8953.0,15.9,Ia,Type I
32.0,11754.0,17.2,Ia,Type I
61.0,2848.0,14.2,IaPec,Type I
43.0,1691.0,14.9,Ib,Type I
24.0,5268.0,15.5,Ia,Type I
83.0,4507.0,15.0,Ia,Type I
67.0,5556.0,17.5,IaPec,Type I
44.0,9193.0,16.6,Ia,Type I
12.0,4647.0,14.5,Ia,Type I
0.0,7043.0,16.6,Ia,Type I
85.0,7017.0,16.7,Ia,Type I
44.0,17598.0,18.1,Ia,Type I
56.0,13491.0,17.7,Ia,Type I
50.0,6686.0,16.5,Ia,Type I
17.0,16118.0,18.6,Ia,Type I
65.0,1000.0,17.0,Ia:,Type I
83.0,1164.0,12.7,Ia,Type I
53.0,19000.0,18.3,Ia,Type I
53.0,1636.0,13.5,Ib,Type I
55.0,1877.0,12.6,Ia,Type I
47.0,1367.0,15.0,IcPec,Type I
36.0,6138.0,17.2,Ia,Type I
69.0,5549.0,15.9,Ia,Type I
52.0,4361.0,15.4,Ia,Type I
27.0,5609.0,16.5,Ic,Type I
73.0,5996.0,15.2,Ia,Type I
80.0,11135.0,18.0,Ia,Type I
24.0,1703.0,17.6,Ia,Type I
61.0,1680.0,12.5,Ia,Type I
48.0,1396.0,14.8,Ib:,Type I
43.0,1407.0,16.0,Ib/c,Type I
74.0,1953.0,18.2,Ia,Type I
50.0,23684.0,18.5,Ia,Type I
17.0,2135.0,13.1,Ia,Type I
70.0,4218.0,16.5,Ic,Type I
52.0,5332.0,17.2,Ia,Type I
44.0,17138.0,18.3,Ia,Type I
68.0,1498.0,16.5,Ic,Type I
32.0,8745.0,16.5,Ia,Type I
64.0,10350.0,16.8,Ia,Type I
24.0,4480.0,16.6,Ib,Type I
52.0,1406.0,14.0,Ia,Type I
27.0,1532.0,14.0,Ib,Type I
24.0,5313.0,15.6,Ia,Type I
71.0,10793.0,17.4,Ia,Type I
56.0,21285.0,18.3,Ia:,Type I
46.0,1087.0,16.5,Ib/c,Type I
48.0,20686.0,18.8,Ia,Type I
34.0,3244.0,14.9,Ia,Type I
53.0,13491.0,17.9,Ia,Type I
46.0,3706.0,16.7,Ic,Type I
32.0,3559.0,17.2,Ic,Type I
47.0,17988.0,20.0,Ia,Type I
68.0,2731.0,16.0,Ia,Type I
41.0,2277.0,14.6,Ia,Type I
67.0,5096.0,18.0,Ia:,Type I
36.0,1695.0,15.1,Ia,Type I
48.0,10493.0,18.0,Ia,Type I
43.0,5865.0,17.8,Ia,Type I
62.0,1482.0,14.9,Ic,Type I
55.0,3733.0,14.5,IaPec,Type I
44.0,3080.0,16.3,Ia,Type I
41.0,547.0,12.5,Ia,Type I
68.0,2880.0,16.7,Ib,Type I
71.0,4612.0,14.5,Ia,Type I
53.0,15589.0,17.8,Ia,Type I
44.0,7080.0,15.9,Ia,Type I
38.0,7257.0,17.0,Ia,Type I
44.0,6019.0,17.2,Ic,Type I
69.0,404.0,8.4,Ia,Type I
69.0,404.0,8.0,I,Type I
90.0,4071.0,15.8,Ia,Type I
71.0,4653.0,16.0,Ic,Type I
24.0,516.0,11.4,Ib,Type I
55.0,13612.0,16.2,Ia,Type I
74.0,2168.0,16.0,Ic,Type I
74.0,9426.0,16.7,Ia,Type I
86.0,7795.0,16.6,Ia,Type I
86.0,2085.0,13.8,Ia,Type I
47.0,7347.0,17.1,Ib/c:,Type I
71.0,6758.0,15.9,Ic,Type I
32.0,10832.0,17.1,Ia,Type I
38.0,6355.0,17.6,Ia,Type I
30.0,15080.0,17.9,Ia,Type I
61.0,4333.0,14.8,Ia,Type I
47.0,4647.0,14.8,Ia,Type I
54.0,4534.0,16.9,Ia,Type I
48.0,3686.0,17.5,Ia,Type I
43.0,11992.0,17.3,Ia,Type I
56.0,4264.0,14.7,Ia,Type I
83.0,4793.0,18.0,Ic,Type I
56.0,7547.0,19.6,Ia,Type I
77.0,4197.0,14.6,Ia,Type I
52.0,16668.0,18.0,Ia,Type I
52.0,12891.0,17.3,Ia,Type I
82.0,3001.0,14.1,Ia,Type I
40.0,30279.0,19.4,Ia,Type I
79.0,1926.0,14.0,Ia,Type I
56.0,8102.0,17.5,Ic,Type I
38.0,2651.0,13.4,Ia,Type I
59.0,3422.0,16.6,Ib/c,Type I
59.0,3422.0,14.6,Ia,Type I
44.0,4388.0,14.9,Ia,Type I
30.0,3124.0,14.5,Ia,Type I
90.0,2847.0,16.5,Ia,Type I
32.0,2548.0,13.6,Ic,Type I
41.0,2579.0,15.4,Ia,Type I
63.0,3257.0,15.0,Ia,Type I
63.0,3257.0,14.1,Ia,Type I
90.0,10500.0,17.0,Ia,Type I
0.0,5805.0,16.8,Ia,Type I
41.0,12892.0,17.6,Ia,Type I
83.0,2617.0,14.0,I,Type I
43.0,5418.0,16.0,Ia,Type I
44.0,3161.0,15.3,Ia,Type I
68.0,8217.0,16.5,Ia,Type I
51.0,6985.0,17.0,Ia,Type I
68.0,8669.0,17.5,Ia,Type I
53.0,9102.0,18.0,Ia,Type I
30.0,8598.0,17.1,Ia,Type I
70.0,1506.0,13.5,I,Type I
17.0,592.0,11.0,I,Type I
54.0,1916.0,15.0,I:,Type I
84.0,241.0,14.0,I,Type I
38.0,465.0,14.0,I:,Type I
64.0,16020.0,15.8,I:,Type I
51.0,1048.0,12.5,I,Type I
55.0,3779.0,14.3,Ia,Type I
79.0,1611.0,13.6,Ia,Type I
38.0,1211.0,13.9,Ib,Type I
17.0,4540.0,14.5,I,Type I
24.0,6520.0,15.8,I,Type I
58.0,5388.0,16.7,I,Type I
44.0,1082.0,12.4,I,Type I
17.0,1566.0,14.0,I,Type I
59.0,1239.0,12.5,Ia,Type I
70.0,4218.0,15.5,I,Type I
21.0,5018.0,15.5,I,Type I
73.0,663.0,11.3,I,Type I
36.0,9855.0,16.6,I:,Type I
65.0,4797.0,14.7,I,Type I
65.0,1301.0,13.2,Ia,Type I
44.0,5264.0,15.2,I,Type I
72.0,3922.0,14.4,Ia,Type I
34.0,12801.0,17.4,I,Type I
44.0,1686.0,13.5,I,Type I
43.0,3105.0,14.1,Ia,Type I
48.0,1206.0,15.0,I,Type I
47.0,1566.0,13.3,I,Type I
59.0,1665.0,13.2,Ia,Type I
46.0,6747.0,16.8,I:,Type I
27.0,6295.0,15.5,I,Type I
30.0,2820.0,15.0,I,Type I
41.0,3225.0,14.9,I,Type I
63.0,638.0,16.0,IPec,Type I
27.0,4887.0,15.2,Ia,Type I
56.0,716.0,12.7,Ia,Type I
38.0,7469.0,16.0,Ia,Type I
60.0,2741.0,14.7,Ia,Type I
54.0,8574.0,15.5,I,Type I
66.0,1940.0,14.7,Ia,Type I
48.0,1875.0,13.7,Ia,Type I
34.0,4841.0,15.4,I,Type I
54.0,2136.0,14.7,I,Type I
77.0,232.0,15.2,Ib:,Type I
41.0,2618.0,14.5,I,Type I
46.0,4579.0,15.0,I,Type I
43.0,983.0,17.0,I,Type I
27.0,6295.0,15.6,I,Type I
30.0,4856.0,15.4,Ia,Type I
34.0,1422.0,15.0,I,Type I
40.0,7064.0,17.0,I,Type I
47.0,1760.0,12.5,Ia,Type I
77.0,1737.0,15.0,I,Type I
47.0,1760.0,12.6,Ia,Type I
41.0,4473.0,15.0,I,Type I
61.0,5690.0,15.0,I,Type I
47.0,3904.0,16.4,Ia,Type I
27.0,700.0,13.7,Ib,Type I
62.0,4938.0,17.1,I,Type I
90.0,1724.0,13.0,I,Type I
77.0,9366.0,16.0,I,Type I
78.0,1940.0,13.3,Ia,Type I
36.0,3214.0,15.5,I:,Type I
53.0,2715.0,15.0,I,Type I
90.0,3611.0,16.5,I,Type I
48.0,8559.0,17.8,I,Type I
38.0,1861.0,17.0,I,Type I
56.0,11737.0,16.5,Ib,Type I
56.0,2258.0,14.0,Ia,Type I
67.0,4501.0,16.0,I,Type I
74.0,1339.0,15.7,Ib,Type I
76.0,4678.0,17.6,Ia,Type I
44.0,9210.0,15.5,Ia,Type I
54.0,5897.0,17.0,Ia,Type I
24.0,5282.0,16.0,Ia,Type I
71.0,15521.0,18.0,Ia,Type I
48.0,1856.0,16.5,Ib,Type I
17.0,13388.0,15.0,I,Type I
38.0,7645.0,15.5,Ia,Type I
53.0,9639.0,17.2,Ia,Type I
34.0,4328.0,18.0,Ia,Type I
56.0,4982.0,17.0,Ib/c,Type I
56.0,3206.0,17.0,Ic,Type I
62.0,2621.0,16.0,Ia,Type I
56.0,1818.0,18.0,I:,Type I
40.0,12307.0,18.0,Ia,Type I
34.0,7964.0,17.7,Ia,Type I
56.0,15687.0,18.0,Ia,Type I
56.0,15687.0,18.0,Ia,Type I
27.0,4078.0,17.0,I,Type I
17.0,1663.0,17.0,IPec,Type I
38.0,4175.0,18.0,Ia:,Type I
84.0,10193.0,18.0,Ia,Type I
53.0,17988.0,19.5,Ia,Type I
34.0,4778.0,18.2,Ic,Type I
71.0,4059.0,18.0,Ia:,Type I
34.0,1110.0,13.7,Ib/c,Type I
68.0,6688.0,17.9,Ic,Type I
32.82786488627356,7616.0,18.5,I,Type I
65.69931383379671,7080.0,15.9,Ia,Type I
15.781841981916713,5938.0,17.8,Ib,Type I
21.66953611324358,16118.0,18.6,Ia,Type I
47.503462781042806,4480.0,16.6,Ib,Type I
50.15080910887491,10493.0,18.0,Ia,Type I
69.89415398934788,5805.0,16.8,Ia,Type I
68.15010536840259,5257.0,16.6,IaPec,Type I
75.09879184246127,4071.0,15.8,Ia,Type I
59.320806058447396,9022.0,16.5,Ia,Type I
60.220158380056034,5257.0,16.6,IaPec,Type I
30.57778343132734,10408.0,16.4,Ia,Type I
53.51067227874612,241.0,14.0,I,Type I
48.6606851467295,4388.0,14.9,Ia,Type I
76.39696258160188,1164.0,12.7,Ia,Type I
50.968083602211514,5444.0,17.8,Ib,Type I
42.05065828085615,11754.0,17.2,Ia,Type I
59.88237270084592,404.0,8.4,Ia,Type I
62.46190173328655,3813.0,17.0,Ia,Type I
60.193388591008315,5654.0,15.5,Ia,Type I
44.31278442450211,4579.0,15.0,I,Type I
46.07670813574271,1087.0,16.5,Ib/c,Type I
64.081770623582,4887.0,15.2,Ia,Type I
75.8200442630617,48.0,13.2,I:,Type I
38.835708472238665,3489.0,17.5,Ib,Type I
37.37822913092781,954.0,13.3,Ia,Type I
67.00170802137833,7573.0,18.0,Ia,Type I
62.962518089838355,5902.0,16.4,Ia,Type I
57.47254394020055,547.0,12.5,Ia,Type I
54.72627101837256,2548.0,13.6,Ic,Type I
69.05704492867162,6747.0,16.8,I:,Type I
54.04326242881278,321.0,8.5,Ia,Type I
53.77425472141134,2548.0,13.6,Ic,Type I
58.83250980167577,2204.0,14.2,Ia,Type I
20.970566594180266,404.0,8.0,I,Type I
47.60282254352017,5197.0,17.4,Ia,Type I
41.228522680868764,1552.0,14.1,Ic:,Type I
49.221562359127304,2381.0,15.9,Ic,Type I
34.4670347357263,9422.0,18.0,Ia,Type I
72.49596970038708,809.0,13.6,Ib,Type I
45.16167211713247,592.0,11.0,I,Type I
50.28871705726742,14397.0,17.4,Ia,Type I
60.921793660122304,14397.0,17.4,Ia,Type I
66.69827143569972,2711.0,12.4,Ia,Type I
41.06975423887098,9686.0,16.8,Ia,Type I
69.602540881304,5989.0,17.1,Ia,Type I
28.533811021512687,3689.0,15.5,Ia,Type I
30.024101557574,5915.0,15.9,Ia,Type I
61.419065996089664,8102.0,17.5,Ic,Type I
55.61262154480522,6388.0,17.3,IaPec,Type I
46.71305978442354,3192.0,17.1,Ib,Type I
58.78478910434413,2678.0,17.5,Ic,Type I
49.14167468220039,4059.0,18.0,Ia:,Type I
62.655535940608985,5197.0,17.4,Ia,Type I
44.87252209614306,8750.0,18.2,Ia,Type I
45.32507890416625,6798.0,17.5,Ib,Type I
61.18030878752733,4612.0,14.5,Ia,Type I
47.73617091433178,1953.0,18.2,Ia,Type I
60.69678537077732,6295.0,15.5,I,Type I
60.379950036381615,6408.0,16.0,Ia,Type I
52.91713457532244,5436.0,18.8,Ia,Type I
46.14735083158009,5379.0,18.2,Ia,Type I
19.532192943471607,4507.0,15.0,Ia,Type I
23.762089056319116,6870.0,16.5,Ia,Type I
31.348470307045226,10328.0,18.1,Ia,Type I
58.66756914757678,10003.0,18.1,Ia,Type I
43.26377815833925,9620.0,17.4,Ia,Type I
77.88366757070668,1164.0,12.7,Ia,Type I
65.42880276934697,6989.0,15.8,I,Type I
31.462928118206612,404.0,8.4,Ia,Type I
35.21659475912999,1406.0,14.0,Ia,Type I
44.8915518620621,7120.0,16.3,Ia,Type I
18.991788773379305,1109.0,12.4,Ia,Type I
57.57162692983611,11733.0,17.5,Ia,Type I
40.64446667209015,4264.0,14.7,Ia,Type I
23.24239916207709,6906.0,15.9,Ia,Type I
42.07833460890405,4488.0,15.1,I,Type I
58.89823859568048,5096.0,18.0,Ia:,Type I
79.55097763284064,10859.0,16.0,Ia,Type I
47.8459421609336,2281.0,13.4,Ia,Type I
56.94710249402082,-261.0,12.4,Ia,Type I
44.03839725741316,26682.0,19.2,Ia,Type I
69.50442509417765,5158.0,16.8,Ia,Type I
59.60166920700657,3901.0,15.0,Ia,Type I
25.831195783118364,11754.0,17.2,Ia,Type I
39.65365410157813,6303.0,16.3,Ia,Type I
42.04476952034375,11700.0,18.0,Ia,Type I
24.77301790728974,6295.0,15.6,I,Type I
51.3668979739334,2255.0,17.1,Ic,Type I
23.679221116707136,7651.0,17.6,Ia,Type I
57.55085471945291,4980.0,14.5,Ia,Type I
70.69605897124192,1939.0,15.4,Ic:,Type I
109.7552228409318,3689.0,15.5,Ia,Type I
61.33917037110555,2215.0,14.3,Ia,Type I
10.983284181707859,4998.0,15.5,Ia,Type I
46.840531681113504,23264.0,18.5,Ia:,Type I
47.82249564487428,1861.0,17.0,I,Type I
41.4414112156704,4694.0,16.4,Ia,Type I
71.68130796892464,8094.0,16.6,Ia,Type I
57.68318710334311,4513.0,17.8,Ia,Type I
32.56316369461044,2895.0,14.1,Ia,Type I
21.552783054064214,993.0,14.1,Ib/c,Type I
50.98744936859589,4211.0,14.5,Ia,Type I
90.87191508217917,1573.0,17.6,Ib,Type I
72.93244827777039,3904.0,16.4,Ia,Type I
43.292027888208295,547.0,12.5,Ia,Type I
34.902880068290735,4982.0,17.0,Ib/c,Type I
30.721120375267503,18353.0,18.0,Ia:,Type I
37.76547950477513,1330.0,14.0,Ia,Type I
70.1885436449061,48.0,13.2,I:,Type I
71.01033674869824,5897.0,17.0,Ia,Type I
56.86530628471422,10793.0,17.0,Ia,Type I
50.14397816315612,7615.0,16.1,Ia,Type I
39.43940902186759,7024.0,17.0,Ia,Type I
43.969416876424106,6591.0,17.4,Ib/c,Type I
29.115687308891783,3280.0,14.7,Ia,Type I
49.15435273904245,13388.0,15.0,I,Type I
81.30724588723652,10193.0,18.0,Ia,Type I
51.176383614301876,3161.0,15.3,Ia,Type I
58.54430603392216,1686.0,13.5,I,Type I
57.63527580284836,4828.0,16.6,Ia,Type I
44.443190454759495,9244.0,19.2,Ia,Type I
58.33584753264645,9108.0,16.3,Ia,Type I
84.567538507654,2761.0,16.5,Ia,Type I
26.506322011618902,8803.0,16.3,Ia:,Type I
28.177747186772788,5608.0,18.8,Ic,Type I
85.53093054324147,3503.0,14.0,Ia,Type I
49.07625080213414,6795.0,17.3,Ib/c,Type I
72.10819099968475,20686.0,18.8,Ia,Type I
31.85246408472667,5158.0,16.8,Ia,Type I
66.22326856844592,3491.0,15.9,Ic:,Type I
45.725193160504354,2000.0,14.2,Ia,Type I
52.086707978141504,2716.0,17.0,Ia,Type I
58.26764354808127,6408.0,16.0,Ia,Type I
55.90710385454314,5777.0,18.3,Ia,Type I
57.264671568152366,18353.0,18.0,Ia:,Type I
44.863959517598786,13388.0,15.0,I,Type I
36.209101664826235,6795.0,17.3,Ib/c,Type I
35.35204034433653,3733.0,14.5,IaPec,Type I
44.99816067439315,6986.0,16.2,Ia,Type I
26.033382208460274,5783.0,15.5,Ia,Type I
50.6051501586806,11135.0,18.0,Ia,Type I
64.46673180911573,3192.0,17.1,Ib,Type I
44.50037257002555,4841.0,17.2,Ia,Type I
69.85011216383568,9639.0,17.2,Ia,Type I
51.111634559494675,24013.0,18.0,Ia,Type I
44.754018053810114,12483.0,16.5,Ia,Type I
39.52495474706467,2258.0,14.0,Ia,Type I
59.95652794600953,2716.0,17.0,Ia,Type I
55.17089385065985,5783.0,15.5,Ia,Type I
50.14970820130476,12892.0,17.6,Ia,Type I
58.219532365621504,5086.0,17.3,Ia,Type I
87.73967830440887,7627.0,16.6,Ia,Type I
30.291477524308487,15521.0,18.0,Ia,Type I
25.17178530400255,1532.0,14.0,Ib,Type I
42.400404310958635,4534.0,16.9,Ia,Type I
74.21818192910104,8217.0,16.5,Ia,Type I
37.70178026430892,8853.0,18.2,Ib,Type I
6.990426731792297,11992.0,17.1,Ia,Type I
46.30625052692056,10832.0,17.1,Ia,Type I
42.11242402646731,3733.0,14.5,IaPec,Type I
32.999575464908645,11152.0,18.0,Ia,Type I
21.039966014831258,2080.0,16.3,Ia,Type I
18.64758952335497,14577.0,17.5,I,Type I
29.04837081559551,3729.0,16.4,IbPec,Type I
31.468761117595363,5962.0,16.8,Ia,Type I
104.71499926039965,12892.0,17.6,Ia,Type I
29.8514531684888,3001.0,14.1,Ia,Type I
62.030181099617,2741.0,17.2,Ib,Type I
87.39464872526077,5322.0,17.6,Ib,Type I
46.35837377472038,6540.0,15.4,Ia,Type I
68.44526287777981,2000.0,14.2,Ia,Type I
44.911620575779565,897.0,11.9,Ia,Type I
50.28172327459273,3280.0,14.7,Ia,Type I
44.53220140998023,11733.0,17.5,Ia,Type I
49.069216601362754,1052.0,14.4,Ia,Type I
42.31673447049096,4059.0,15.6,Ia,Type I
62.42753165056923,5079.0,16.7,Ia,Type I
55.14682139608157,7024.0,17.0,Ia,Type I
61.01829744212231,1691.0,14.9,Ib,Type I
46.714372748079725,15687.0,18.0,Ia,Type I
40.32010608446799,4377.0,17.3,IaPec,Type I
50.65715051711988,4567.0,15.4,Ia,Type I
92.4207719943536,5654.0,15.5,Ia,Type I
60.64149735869553,6197.0,17.5,Ia,Type I
26.857356639658242,23264.0,18.5,Ia:,Type I
56.41688503538529,7627.0,16.6,Ia,Type I
33.228382199064356,2761.0,16.5,Ia,Type I
58.43649442307045,3582.0,15.5,I,Type I
63.292185534367775,2579.0,15.4,Ia,Type I
69.75704323358593,7043.0,16.6,Ia,Type I
65.05064378316864,1947.0,17.5,Ib,Type I
42.28233767397905,9186.0,18.0,Ib/c,Type I
61.87539693756016,1818.0,18.0,I:,Type I
46.82202420954319,2281.0,13.4,Ia,Type I
51.154923271186256,6197.0,17.5,Ia,Type I
55.645210926779406,3422.0,14.6,Ia,Type I
81.07054747426865,4567.0,15.4,Ia,Type I
49.39206385046969,2579.0,15.4,Ia,Type I
58.5455358134701,3489.0,17.5,Ib,Type I
44.8713098941794,9224.0,18.8,Ic:,Type I
15.919985216944859,8936.0,16.1,Ia,Type I
86.36367882963677,3280.0,14.7,Ia,Type I
22.449723479034937,3168.0,13.8,IaPec?,Type I
47.939704604205396,4377.0,17.3,IaPec,Type I
50.463189041731354,8989.0,18.1,Ic:,Type I
47.75772579724211,2696.0,15.8,Ia,Type I
78.82925131156794,5556.0,17.5,IaPec,Type I
85.79112917198668,4794.0,15.2,IaPec,Type I
75.17076115798517,4841.0,15.4,I,Type I
87.98620308281684,2194.0,15.3,Ia,Type I
60.264862450144946,5774.0,15.5,Ia,Type I
46.865155954058295,2222.0,13.5,Ia,Type I
55.14234991051093,4534.0,16.9,Ia,Type I
73.73850187386806,1556.0,15.2,Ib:,Type I
26.86510179754861,321.0,8.5,Ia,Type I
47.25965726080158,6403.0,15.1,Ic,Type I
70.7536107575373,13491.0,17.7,Ia,Type I
87.4167917659753,7042.0,17.0,Ia,Type I
67.67237388629817,7023.0,18.6,Ia,Type I
51.28167414600133,2625.0,13.8,Ia,Type I
29.547311419779472,4473.0,15.0,I,Type I
84.01254036248385,4053.0,17.5,Ib,Type I
64.55839133968061,4333.0,14.8,Ia,Type I
35.48626789087294,4059.0,18.0,Ia:,Type I
52.0194324643653,6758.0,15.9,Ic,Type I
42.335954284603645,1407.0,16.0,Ib/c,Type I
57.69242124984439,7109.0,16.5,Ia,Type I
65.16403625374288,954.0,13.3,Ia,Type I
8.172002414895786,7573.0,18.0,Ia,Type I
54.157268415680896,2848.0,14.2,IaPec,Type I
60.60362896944605,2625.0,13.8,Ia,Type I
13.992003973653823,1741.0,14.7,Ia,Type I
40.755479208347055,4547.0,15.0,Ia,Type I
22.81453280855722,3161.0,15.3,Ia,Type I
81.6362279097267,1541.0,13.4,Ia,Type I
64.83255031142926,13922.0,18.5,Ib/c,Type I
44.59347856860421,3928.0,18.5,Ia,Type I
74.1382670307656,2169.0,14.4,Ia,Type I
56.722100775651654,4794.0,15.2,IaPec,Type I
57.80528807831238,3001.0,14.1,Ia,Type I
36.92142958483928,5865.0,17.8,Ia,Type I
50.30855036842478,5462.0,17.0,Ic,Type I
55.18210053839594,12483.0,16.5,Ia,Type I
33.08443019287233,5938.0,17.8,Ib,Type I
49.84512227917325,4473.0,15.0,I,Type I
38.06308300987111,1109.0,12.4,Ia,Type I
29.97761303756792,17138.0,18.3,Ia,Type I
71.72508167468288,4588.0,18.7,Ib,Type I
49.44148298428764,404.0,8.0,I,Type I
63.69910042020166,14577.0,17.5,I,Type I
63.03282689248907,15687.0,18.0,Ia,Type I
97.93177216313522,657.0,12.4,IcPec,Type I
49.04508400787249,1541.0,13.4,Ia,Type I
83.65768555708047,6795.0,17.3,Ib/c,Type I
43.68326192533795,6795.0,17.3,Ib/c,Type I
77.51437195477777,6679.0,16.7,Ia,Type I
23.451751805855157,4921.0,18.0,Ib,Type I
19.471038129442228,9613.0,17.3,Ia,Type I
39.275774035870306,566.0,14.5,I,Type I
64.67649159573627,4921.0,18.0,Ib,Type I
56.86931446045032,4806.0,14.4,Ia,Type I
7.341321626940392,6679.0,16.7,Ia,Type I
48.79045501383546,10727.0,15.0,Ia,Type I
61.149955297640844,4507.0,15.0,Ia,Type I
58.19562964470532,17911.0,17.4,Ia,Type I
39.18886744302547,4211.0,14.5,Ia,Type I
55.82815749919778,6688.0,17.9,Ic,Type I
56.79667685413305,1519.0,12.6,Ia,Type I
62.47709687876997,4330.0,14.8,IaPec,Type I
49.39074119586859,6595.0,17.5,Ia,Type I
55.23846867543712,9186.0,18.0,Ib/c,Type I
44.529726195985084,4264.0,14.7,Ia,Type I
63.601660977821055,1476.0,13.9,Ia,Type I
48.67559940277273,7469.0,16.0,Ia,Type I
67.95966366996298,5012.0,15.0,Ia,Type I
28.12326276438104,1926.0,14.0,Ia,Type I
21.26434509556131,11152.0,18.0,Ia,Type I
36.55919785588857,321.0,8.5,Ia,Type I
65.89893107303605,8669.0,17.5,Ia,Type I
59.284632198461374,1856.0,16.5,Ib,Type I
75.59581775056681,1422.0,15.0,I,Type I
51.91719314080335,1926.0,14.0,Ia,Type I
75.85623480069297,10500.0,17.0,Ia,Type I
36.18955613962147,6978.0,17.3,Ia,Type I
41.94809922967726,-261.0,12.4,Ia,Type I
34.90797331501304,4197.0,14.6,Ia,Type I
42.61130243301923,10350.0,16.8,Ia,Type I
89.6009471322819,1947.0,17.5,Ib,Type I
25.464088163863703,5549.0,15.9,Ia,Type I
32.36266808500828,5169.0,15.9,Ia,Type I
62.459957632295676,626.0,12.9,Ia,Type I
14.900923636891847,9067.0,16.7,Ia,Type I
69.7734133558048,4797.0,14.7,I,Type I
43.582478491133,48.0,13.2,I:,Type I
32.89541442265089,4480.0,16.6,I,Type I
61.009885660913675,1966.0,13.4,Ia,Type I
49.76731830811592,4990.0,16.8,Ia,Type I
60.0785147505922,5388.0,16.7,I,Type I
67.25373261660779,23264.0,18.5,Ia:,Type I
19.085400859588834,12528.0,16.5,Ib,Type I
61.36925848150712,24013.0,18.0,Ia,Type I
71.45733682321676,11950.0,18.5,Ia,Type I
64.1545143669851,1283.0,17.5,Ic:,Type I
61.88515140431097,3489.0,17.5,Ib,Type I
89.0132177212256,9509.0,18.0,Ia,Type I
54.70724611022352,954.0,13.3,Ia,Type I
56.12804918202847,1541.0,13.4,Ia,Type I
36.948107355734145,3582.0,15.5,I,Type I
61.00280349162808,2513.0,16.0,Ib,Type I
59.49724807378424,4078.0,16.0,Ia,Type I
36.25520144913387,729.0,12.0,I,Type I
12.657301412568167,5805.0,16.8,Ia,Type I
33.10270939206942,5166.0,18.5,Ib/cPec,Type I
47.50045955724588,2618.0,14.5,I,Type I
89.43451617379864,5012.0,15.0,Ia,Type I
33.71766071501439,6935.0,17.2,Ia,Type I
48.02017016757203,22594.0,17.5,Ia,Type I
46.13072699302728,7109.0,16.5,Ia,Type I
48.16186930364845,19000.0,18.3,Ia,Type I
47.56479838473653,-122.0,13.3,Ic,Type I
73.03424388822911,9244.0,19.2,Ia,Type I
53.62085521270319,1476.0,13.9,Ia,Type I
100.87474039822627,9613.0,17.3,Ia,Type I
