recno,SN,n_SN,Gname,RAG,DEG,Gi,GVhel,Gtype,mag,l_mag,Type,RA2000,DE2000,Disc,Type II Label
2672,2003hk, ,N 1085,41.605,3.606666666666666,46.0,6789.0,.S..4.,16.0,>,II,41.60733333333333,3.608944444444444,"Moore, Li+; Boles",Type II
2341,2002hj, ,LEDA3092113,44.53999999999999,4.686666666666666,,7075.0, ,17.4,>,II,44.53891666666666,4.684388888888888,"Wood-Vasey, Aldering, Nugent, K.Li",Type II
1642,2000G, ,U 1773,34.56249999999999,13.204999999999998,90.0,3614.0,.SB.6.,17.2,>,II,34.563624999999995,13.205388888888889,Puckett,Type II
2702,2003io, ,U 1761,34.35999999999999,14.579999999999998,,4010.0,.I....,17.1,>,II,34.36195833333333,14.57675,"Puckett, Kerns",Type II
2254,2002ea, ,N  820,32.105,14.349999999999998,57.0,4418.0,.S..3.,17.7,>,IIn,32.104499999999994,14.347999999999995,"Puckett, Newton",Type II
2704,2003iq, ,N  772,29.8325,19.00833333333333,57.0,2472.0,.S..3.,16.4,>,II,29.833166666666664,18.99502777777777,Llapasset,Type II
2673,2003hl, ,N  772,29.8325,19.00833333333333,57.0,2472.0,.S..3.,16.4,>,II,29.83866666666666,19.00402777777777,"Moore, Li+",Type II
2681,2003ht, ,U 2457,44.98,24.225,24.0,10218.0,.S..5.,18.5,>,II,44.97987499999999,24.226888888888887,"Papenkova, Li+",Type II
1567,1999eg, ,I 1861,43.28,25.489999999999995,50.0,6703.0,.LA.0.,17.5,>,II,43.28495833333333,25.490055555555557,Armstrong,Type II
2927,2004eg, ,U 3053,67.03999999999999,21.655,30.0,2407.0,.S..5.,18.4,>,II,67.03441666666666,21.65508333333333,Young,Type II
868,1992be, ,LEDA1817897,60.63749999999999,27.785,,, ,17.0,>,II,60.63620833333332,27.78733333333333,Mueller,Type II
2500,2003as, ,M 08-10-7,82.18749999999999,49.883333333333326,32.0,6962.0,.S..5.,15.7,=,IIn,82.19087499999999,49.883083333333325,Boles,Type II
2129,2002F, ,U 2885,58.25999999999999,35.59,62.0,5802.0,.SAT5.,17.8,>,II,58.24383333333333,35.58355555555555,"Swift, Li +",Type II
2929,2004ei, ,U 2817,55.38499999999999,37.22666666666666,,5755.0,.S?...,17.9,>,II,55.38620833333333,37.22505555555555,Boles,Type II
1827,2001I, ,U 2836,55.98749999999999,39.295,30.0,4963.0,.L..-*,17.2,>,IIn,55.98866666666666,39.29427777777777,"Beckmann, Li +; A. Dimai",Type II
700,1989R, ,U 2912,59.88749999999999,42.615,66.0,5396.0,.S..0.,15.0,>,IIPec:,59.88583333333332,42.61916666666666,"Mueller, Brewer",Type II
1968,2001ev, ,U 2653,49.66,37.60833333333333,73.0,6939.0,.S..6.,18.8,>,II,49.66266666666666,37.60883333333333,"Papenkova, Li +",Type II
1619,1999gg, ,M 07-8-11,51.9975,39.905,51.0,4337.0,.S..5.,16.8,>,II,51.99529166666666,39.90519444444444,Boles,Type II
2472,2003O, ,U 2798,54.54249999999999,40.98333333333333,73.0,4941.0,.SB.4.,16.9,>,II,54.53804166666666,40.97722222222222,Rich,Type II
1748,2000dj, ,N  735,29.157499999999995,34.17666666666666,73.0,4629.0,.S..3.,17.0,>,II,29.169291666666663,34.170111111111105,Lick Observatory Supernova Search,Type II
2657,2003gv, ,M 05-3-66,17.217499999999998,32.099999999999994,24.0,10423.0,.S..2.,18.4,>,II,17.22158333333333,32.09980555555555,"Weisz, Li+",Type II
2931,2004ek, ,U  724,17.4975,32.36833333333333,38.0,5179.0,.S..3.,16.8,>,II,17.493791666666663,32.37991666666666,"Boles, Puckett, Cox",Type II
985,1995Z, ,U  937,20.905,32.629999999999995,,4748.0,.E?...,18.5,>,II,20.909791666666663,32.63141666666666,Mueller,Type II
239,1963N, ,N  536,21.59,34.703333333333326,72.0,5189.0,.SBR3.,17.7,>,II,21.580666666666666,34.70133333333333,Gates,Type II
1544,1999dj, ,P 6612,27.0475,35.398333333333326,,4497.0,D.....,17.4,>,II,27.045625,35.39644444444444,"Puckett, Langoussis",Type II
1931,2001dk, ,U  913,20.5625,34.66833333333333,56.0,5124.0,.S..5.,15.6,>,IIP,20.560791666666663,34.66980555555555,Boles,Type II
2696,2003ii, ,M 06-6-53,38.26749999999999,35.508333333333326,36.0,13491.0,.S..4.,18.4,>,II,38.27,35.50825,Boles,Type II
1639,2000D, ,U 1767,34.52,38.07666666666666,,5176.0,.I..9.,16.2,>,II,34.52016666666666,38.07427777777777,Boles,Type II
863,1992az, ,N  818,32.184999999999995,38.77666666666666,70.0,4244.0,.SB.5*,18.0,>,II,32.19570833333333,38.77258333333333,Pollas,Type II
2934,2004en, ,LEDA2073199,39.1075,35.989999999999995,,, ,18.2,>,II,39.11054166666666,35.99041666666666,Boles,Type II
207,1961V, ,N 1058,40.87499999999999,37.34166666666666,44.0,518.0,.SAT5.,12.3,=,IIPec,40.90174999999999,37.34544444444444,Wild,Type II
2664,2003hc, ,U 1993,37.9175,39.37833333333333,84.0,8018.0,.S..3.,18.1,>,II,37.92516666666666,39.36819444444444,Boles,Type II
2268,2002eo, ,N  710,28.225,36.05333333333333,40.0,6132.0,.S..5.,17.8,>,II,28.229916666666664,36.05616666666666,Li+,Type II
2714,2003ja, ,N  846,33.052499999999995,44.56833333333333,30.0,5118.0,.SB.2.,17.1,>,II:,33.049208333333326,44.57244444444444,"Moore, Li+",Type II
2659,2003gx, ,M 06-3-7,15.73,37.673333333333325,57.0,10203.0,.S..3.,18.5,>,II,15.729541666666664,37.66952777777777,Boles,Type II
1624,1999gl, ,N  317B,14.4175,43.79166666666666,65.0,5429.0,.SB.3.,16.2,>,II,14.416958333333332,43.79322222222222,Boles,Type II
1946,2001dz, ,U  471,11.175,45.42166666666666,32.0,14810.0,.SAS4.,18.1,>,II,11.179708333333332,45.41958333333333,Boles,Type II
1739,2000cz, ,I 1535,3.4899999999999998,48.15833333333333,79.0,5231.0,.S..2.,17.7,>,II,3.4926249999999994,48.15394444444444,Armstrong,Type II
2658,2003gw, ,U 3252,77.93749999999999,67.48833333333333,38.0,6115.0,.SB.5.,17.1,>,II:,77.94866666666665,67.48949999999999,Armstrong,Type II
1972,2001ez, ,P17642,85.65249999999999,69.23666666666665,,3872.0, ,17.6,>,II,85.65683333333332,69.23738888888887,"Hutchings, Li +",Type II
1550,1999dp, ,U 3046,67.32499999999999,69.51666666666665,34.0,4699.0,.S..3.,18.2,>,II,67.31941666666665,69.53349999999999,Lick Observatory Supernova Search,Type II
1929,2001di, ,U 3259,78.5675,72.335,44.0,4939.0,.SX.6.,17.7,>,II,78.57320833333333,72.34472222222222,Armstrong,Type II
1978,2001ff, ,U 4685,134.255,13.198333333333332,69.0,3978.0,.S..4.,17.1,>,II,134.25404166666664,13.19986111111111,Li +,Type II
1828,2001J, ,U 4729,135.17499999999998,17.621666666666663,34.0,3900.0,.SBS5.,17.5,>,II,135.18012499999998,17.621,"Beckmann, Li +",Type II
1644,2000I, ,N 2958,145.17499999999998,11.888333333333332,41.0,6663.0,.SBR4.,17.8,>,II,145.17308333333332,11.885694444444445,"Puckett, George",Type II
1298,1998W, ,N 3075,149.735,14.419999999999998,61.0,3582.0,.S..5.,17.3,>,II,149.72845833333332,14.423805555555552,"Li, Modjaz, Treffers, Filippenko",Type II
2979,2004gg, ,U 5234,146.70749999999998,16.04333333333333,47.0,6017.0,.S..5.,18.5,>,II,146.70458333333332,16.045694444444443,"Moore, Shimasaki, Li+",Type II
1140,1997ab,*,ANON,147.75249999999997,20.075,,3600.0,.Idwf.,14.7,>,II,147.75166666666664,20.07333333333333,Supernova Cosmology Project,Type II
1491,1999bd, ,ANON,142.61999999999998,16.435,,45269.0, ,17.7,>,II,142.62154166666664,16.435499999999998,"Supernova Cosmology Project, Near-Earth Asteroid Tracking project",Type II
2475,2003T, ,U 4864,138.55249999999998,16.741666666666664,27.0,8368.0,.S..2.,17.8,>,II,138.5460833333333,16.746666666666663,"Schwartz, Li +",Type II
1319,1998ar, ,N 2916,143.73999999999998,21.705,48.0,3730.0,.SAT3$,15.3,>,II,143.74524999999997,21.71597222222222,"Qiu, Qiao, Li, Hu",Type II
2850,2004bh, ,U 5161,145.235,27.77833333333333,59.0,10079.0,.S..5.,16.9,>,II,145.23529166666663,27.77961111111111,Armstrong,Type II
1759,2000du, ,U 3920,113.8275,19.046666666666663,44.0,8520.0,.SX.3.,17.7,>,II,113.83241666666665,19.045416666666664,Lick Observatory Supernova Search,Type II
1178,1997bn, ,U 4329,124.75749999999998,21.186666666666664,38.0,4099.0,.SAR5.,16.2,>,II:,124.75916666666664,21.18380555555555,"Qiao, Li, Qiu, Zhang, Hu",Type II
822,1992I, ,N 2565,124.95,22.026666666666664,65.0,3582.0,PSB.4*,18.0,>,II,124.94295833333332,22.03333333333333,Builu,Type II
2163,2002an, ,N 2575,125.6875,24.296666666666663,36.0,3870.0,.SAT5*,15.9,>,II,125.69899999999998,24.294916666666666,Sano,Type II
2560,2003db, ,M 05-23-021,144.24249999999998,31.331666666666663,47.0,8067.0,.S?.3.,17.5,>,II,144.24512499999997,31.33380555555555,"Boles; Schwartz, Holvorcem (LOTOSS)+",Type II
2206,2002ce, ,N 2604,128.34499999999997,29.53833333333333,21.0,2094.0,.SBT5.,16.0,>,II,128.3420833333333,29.533611111111107,Arbour,Type II
2718,2003je, ,N 2668,132.34249999999997,36.70833333333333,59.0,7529.0,.SB.2.,17.9,>,II,132.34266666666664,36.71572222222222,"Burket, Swift, Li+",Type II
1230,1997dn, ,N 3451,163.58749999999998,27.239999999999995,63.0,1334.0,.SB.6.,16.0,>,II,163.5789583333333,27.235361111111107,Hurst,Type II
2851,2004bi, ,U 5894,161.91499999999996,26.294999999999995,62.0,6537.0,.SB.2.,18.7,>,IIb,161.90604166666665,26.30333333333333,"Shimasaki, Li+",Type II
1847,2001ac, ,N 3504,165.795,27.975,24.0,1534.0,RSXS2.,18.0,>,IIn:,165.81404166666664,27.974861111111107,"Beckmann, Li +",Type II
1994,2001fv, ,N 3512,166.0125,28.03666666666666,27.0,1376.0,.SBT5.,16.4,>,II,166.00691666666663,28.032138888888884,Armstrong,Type II
2811,2004U, ,ANON,166.8275,28.54,,, ,17.7,>,II,166.82845833333332,28.53988888888889,"Graham, Swift, Li+",Type II
1097,1996cb,*,N 3510,165.93249999999998,28.884999999999994,76.0,705.0,.SBS7.,13.9,=,IIb,165.92491666666663,28.90380555555555,Aoki,Type II
2946,2004ez, ,N 3430,163.0475,32.95166666666666,58.0,1586.0,.SB.5.,17.2,>,II,163.0629583333333,32.95558333333333,Itagaki,Type II
721,1990H, ,N 3294,159.06749999999997,37.32333333333333,61.0,1586.0,.SAS5.,16.0,>,II,159.06283333333332,37.32422222222222,"Perlmutter, Pennypacker, et al.",Type II
657,1988I,*,LEDA 086944,155.295,35.66,84.0,11300.0,.S..5.,19.0,>,IIn,155.2967083333333,35.65841666666666,Pollas,Type II
1293,1998R, ,U 6271,168.65499999999997,30.314999999999998,71.0,2009.0,.S..1.,16.0,>,II,168.65429166666664,30.314361111111108,"Berlind, Carter",Type II
2209,2002ch, ,KUG1111+340,168.63499999999996,33.806666666666665,70.0,10193.0,.S..5.,18.4,>,II,168.63216666666665,33.80508333333333,"Puckett, Langoussis",Type II
2764,2003ky, ,N 4001,179.52749999999995,47.335,52.0,14090.0,.ES?..,17.4,>,II,179.52624999999998,47.33319444444444,Armstrong,Type II
1721,2000ch, ,N 3432,163.12999999999997,36.618333333333325,81.0,616.0,.SBS9.,17.4,>,IIn,163.1725,36.66902777777777,Lick Observatory Supernova Search,Type II
1583,1999ew, ,N 3677,171.575,46.975,41.0,7392.0,PSAR0*,16.5,>,II,171.57358333333332,46.97574999999999,Lick Observatory Supernova Search,Type II
1294,1998S,*,N 3877,176.53249999999997,47.49499999999999,82.0,895.0,.SAS5*,12.1,=,IIn,176.52575,47.48208333333333,Wan,Type II
1741,2000db, ,N 3949,178.42499999999998,47.85833333333333,55.0,800.0,.SAS4*,13.6,>,II,178.41562499999998,47.86294444444444,Aoki,Type II
936,1994P, ,U 6983,179.78749999999997,52.706666666666656,44.0,1082.0,.SBT5.,18.2,>,II,179.83783333333332,52.71638888888888,Sackett,Type II
191,1961F, ,N 3003,147.14999999999998,33.419999999999995,83.0,1478.0,.SB.4.,13.0,=,IIPec,147.1595833333333,33.42638888888889,Wild,Type II
2744,2003ke, ,M 06-22-009,146.46749999999997,34.684999999999995,66.0,6176.0,.SB.4.,18.2,>,IIn,146.47066666666666,34.683722222222215,"Swift, Foley, Li+",Type II
278,1965N, ,N 3074,149.9175,35.39166666666666,30.0,5144.0,.SXT5.,16.2,=,IIP,149.9238333333333,35.39552777777777,Rudnicki,Type II
1621,1999gi, ,N 3184,154.5725,41.423333333333325,17.0,592.0,.SBT5.,14.6,=,II,154.5693333333333,41.441222222222216,R.Kushida,Type II
1014,1995bc, ,LEDA2163910,147.92999999999998,40.31,,14390.0, ,18.5,>,II,147.93124999999998,40.31405555555555,Mueller,Type II
703,1989U, ,U 5295,148.22499999999997,42.84833333333333,52.0,4787.0,.SBS3.,17.0,>,II,148.219125,42.86216666666666,Mueller,Type II
2199,2002bx, ,I 2461,139.98999999999998,37.19166666666666,90.0,2260.0,.S..3.,16.4,>,II,139.97912499999998,37.20238888888888,"Ganeshalingam, Li +; Boles",Type II
955,1994ak,*,N 2782,138.52249999999998,40.115,47.0,2562.0,.SBT1P,15.9,>,IIn,138.50612499999997,40.10597222222221,Kushida,Type II
2559,2003da, ,U 4992,140.95,42.18333333333333,90.0,4152.0,.S..5.,15.9,>,II,140.94816666666665,42.18016666666666,Boles,Type II
1851,2001ag, ,M 08-18-9,143.6325,46.46166666666666,44.0,8004.0,.SB...,18.2,>,II,143.6292083333333,46.46074999999999,"Puckett, Peoples",Type II
889,1993E, ,KUG0940+495,145.93999999999997,49.29666666666666,,, ,19.0,>,II,145.93395833333332,49.2988611111111,Pollas,Type II
2810,2004T, ,U 6038,164.03999999999996,47.39333333333333,36.0,6437.0,.S..3.,17.5,>,II,164.04279166666663,47.39541666666666,"Graham, Swift, Li+",Type II
1349,1998bv, ,HS1035+4758,159.6075,47.71,,1596.0, ,17.1,>,IIPec,159.60712499999997,47.710138888888885,"Kniazev, Engels, Pustilnik, Ugryumov, Masegosa",Type II
1090,1996bu, ,N 3631,170.25999999999996,53.17166666666666,34.0,1156.0,.SAS5.,17.6,>,IIPec,170.2470833333333,53.20233333333333,Kushida,Type II
502,1980D, ,N 3733,173.75749999999996,54.85166666666666,71.0,1185.0,.SBS5.,14.5,=,IIP,173.7423333333333,54.8821111111111,Wild,Type II
489,1978H, ,N 3780,174.84749999999997,56.26999999999999,36.0,2399.0,.SAS5*,16.5,>,II,174.84862499999997,56.26691666666666,Wild,Type II
883,1992bt, ,N 3780,174.84749999999997,56.26999999999999,36.0,2399.0,.SAS5*,16.0,>,IIP,174.8323333333333,56.27108333333332,"Treffers, Leibundgut, Filippenko, Richmond",Type II
1463,1999ab, ,LEDA2453358,156.24999999999997,53.87499999999999,,9400.0, ,18.3,>,II,156.25266666666664,53.87694444444444,Schwartz,Type II
1439,1999D, ,I  694,172.12749999999997,58.55833333333332,50.0,3064.0,DSB.7.,15.3,>,II,172.11829166666664,58.56080555555555,"Qiu, Qiao, Hu",Type II
891,1993G, ,N 3690,172.14,58.56499999999999,47.0,3121.0,DSB.9P,17.2,>,II,172.1393333333333,58.55866666666666,"Treffers, Leibundgut, Filippenko, Richmond",Type II
1835,2001Q, ,U 6429,171.32999999999998,63.72999999999999,21.0,3726.0,.SAT5.,18.3,>,II,171.33237499999998,63.72099999999999,Li +,Type II
1791,2000fa, ,U 3770,108.8725,23.42833333333333,,6378.0,.I..9.,15.8,>,II,108.87449999999998,23.42844444444444,"Friedman, Li +",Type II
2197,2002bv, ,U 4042,117.5,30.024999999999995,40.0,8292.0,RSBR3*,17.8,>,IIn,117.50470833333333,30.025611111111107,"Martin, Li +",Type II
2705,2003ir, ,U 3726,107.78,25.915,67.0,7657.0,.S..3.,18.0,>,II,107.78408333333331,25.91527777777777,"Ganeshalingam, Li+",Type II
746,1990ag, ,ANON,113.20499999999998,32.90666666666666,,16189.0,.S....,19.0,>,IIPec,113.20583333333332,32.90444444444444,Pollas,Type II
1300,1998Y, ,N 2415,114.235,35.24166666666666,,3784.0,.I..9$,18.3,>,II,114.23720833333331,35.243333333333325,"Li, Modjaz, Treffers, Filippenko",Type II
1614,1999gb, ,N 2532,122.5625,33.95666666666666,36.0,5260.0,.SB.5.,15.5,>,IIn,122.55708333333332,33.958277777777774,Lick Observatory Supernova Search,Type II
2827,2004ak, ,U 4436,127.45749999999998,48.78,78.0,7214.0,.S..4.,17.6,>,II,127.44820833333333,48.77302777777777,"Singer, Pugh, Li+",Type II
1682,2000au, ,M 08-15-14,118.28749999999998,50.13,38.0,5776.0,.SB.3.,17.5,>,II,118.28499999999998,50.12647222222221,"Puckett, Langoussis",Type II
2528,2003bv, ,M 07-15-015,110.5475,40.46833333333333,52.0,13419.0,.SB.1.,16.8,>,II,110.54966666666664,40.46708333333333,Boles,Type II
2939,2004es, ,U 3825,110.8875,41.435,24.0,8281.0,.SB.4.,17.5,>,II,110.89425,41.42730555555555,"Pugh, Park, Li+",Type II
1278,1998C, ,U 3825,110.8875,41.435,24.0,8281.0,.SBS4.,17.9,>,II,110.89429166666665,41.43449999999999,"Qiao, Qiu, Li, Hu",Type II
2342,2002hk, ,M +07-15-6,106.80499999999998,44.81666666666666,48.0,5751.0,.S..2.,17.9,>,II,106.80854166666666,44.81283333333333,"Ganeshalingam, Li+",Type II
1430,1998fa, ,U 3513,100.7175,41.42166666666666,68.0,7358.0,.S..5.,18.0,>,IIb,100.71462499999998,41.42191666666666,"Li, Halderson, Modjaz, Shefler, King, Papenkova, Treffers, Filippenko",Type II
2168,2002as, ,U 3418,93.11,44.438333333333325,30.0,6743.0,.SBT3.,17.8,>,II,93.104375,44.438,Weisz +,Type II
1418,1998en, ,U 3645,106.0,50.68166666666666,90.0,6385.0,.S..4.,18.2,>,II,106.00020833333332,50.67499999999999,"Li, Modjaz, Halderson, Shefler, King, Papenkova, Treffers, Filippenko",Type II
876,1992bm, ,LEDA2374060,113.32999999999998,50.47333333333333,,15000.0, ,18.0,>,II,113.32866666666663,50.46927777777777,Mueller,Type II
1424,1998et, ,LEDA2570576,104.82999999999998,57.743333333333325,,11934.0, ,18.0,>,IIn,104.82808333333332,57.744722222222215,Mueller,Type II
2266,2002em, ,U 3430,93.95499999999998,64.42999999999999,72.0,4059.0,.S....,18.0,>,II,93.96791666666664,64.43030555555555,Armstrong,Type II
1795,2000fe, ,U 4870,138.7325,46.90333333333333,70.0,4218.0,.SB.5.,16.1,>,II,138.72979166666664,46.90055555555555,"Schwartz, Li, Filippenko +",Type II
2483,2003ab, ,U 4930,139.79999999999998,48.96833333333333,43.0,8818.0,.S..5.,17.6,>,II,139.80524999999997,48.96919444444444,Boles,Type II
2481,2003Z, ,N 2742,136.89,60.47999999999999,61.0,1289.0,.S..5.,16.5,>,II,136.88524999999998,60.48819444444444,"Qiu, Hu",Type II
1837,2001S, ,U 5491,152.99249999999998,58.865,59.0,9100.0,.S..3.,17.0,>,II,152.98833333333332,58.86747222222221,"Puckett, Sehgal",Type II
2766,2003la, ,M 10-15-89,157.58749999999998,61.26333333333333,43.0,9233.0,.S..2.,18.0,>,II,157.58420833333332,61.26347222222221,Boles,Type II
2781,2003lp, ,U 6711,176.12499999999997,69.72999999999999,55.0,2702.0,.S?...,16.9,>,II,176.11904166666665,69.73183333333333,"Puckett, Toth",Type II
1647,2000L, ,U 5520,153.75249999999997,65.13999999999999,53.0,3315.0,.SB.5.,17.5,>,II,153.75758333333332,65.13430555555554,Puckett,Type II
1340,1998bm, ,I 2458,140.37249999999997,64.23666666666666,66.0,1534.0,.S..0.,17.4,>,II,140.37704166666666,64.24038888888887,"Li, Modjaz, Treffers, Filippenko",Type II
894,1993J, ,N 3031,148.89,69.06666666666666,61.0,-34.0,.SAS2.,10.8,=,IIb,148.85416666666666,69.02024999999999,Garcia,Type II
2829,2004am, ,N 3034,148.96749999999997,69.67999999999999,68.0,203.0,.S?...,16.0,>,II,148.9442083333333,69.67724999999999,"Singer, Pugh, Li+",Type II
1225,1997di, ,U 4015,116.9525,62.32333333333332,44.0,5709.0,.SBS5.,18.1,>,II,116.93520833333332,62.32755555555555,"Qiu, Qiao, Li, Hu, Esamdin",Type II
2748,2003ki, ,M 11-10-034,117.89249999999998,63.92833333333333,52.0,7495.0,.SB...,18.0,>,IIb,117.88849999999998,63.93099999999999,Boles,Type II
2416,2002kg, ,N 2403,114.20999999999998,65.60166666666666,60.0,131.0,.SB.5.,19.0,>,IIn,114.257625,65.57480555555554,"Schwartz, Li +",Type II
2904,2004dj, ,N 2403,114.20999999999998,65.60166666666666,60.0,131.0,.SB.5.,11.3,>,IIP,114.32091666666663,65.59938888888888,Itagaki,Type II
1951,2001ee, ,N 2347,109.01749999999998,64.71166666666666,47.0,4421.0,PSAR3*,17.0,>,II,109.01725,64.70544444444444,Armstrong,Type II
2124,2002A, ,U 3804,110.64499999999998,71.59833333333333,53.0,2887.0,.S..5.,16.6,>,IIn,110.64916666666664,71.59488888888887,"Qiu, Hu",Type II
2679,2003hr, ,N 2551,126.20999999999998,73.41166666666666,48.0,2344.0,.SAS0.,16.8,>,II,126.16275,73.4064722222222,Boles,Type II
1214,1997cx,*,N 3057,151.41249999999997,80.28499999999998,51.0,1524.0,.SBS7.,14.2,=,II,151.4059583333333,80.29099999999998,Schwartz,Type II
2763,2003kx, ,U 4078,121.07999999999998,84.64166666666665,90.0,1860.0,.S..4.,16.8,>,II,121.05145833333331,84.64091666666666,Armstrong,Type II
1786,2000ev, ,U 3500,101.9825,84.16333333333333,81.0,4388.0,.S..5.,16.2,>,IIn,101.96666666666664,84.16727777777777,Manzini,Type II
906,1993X, ,N 2276,111.80249999999998,85.75499999999998,30.0,2410.0,.SBT5.,16.3,>,II,111.91916666666664,85.77397222222221,"Treffers, Filippenko, Leibundgut, Paik, Lee, Richmond",Type II
2901,2004dg, ,N 5806,225.0025,1.8916666666666664,60.0,1359.0,.SB.3.,17.0,>,II,224.99566666666664,1.890444444444444,"De_Pasquale, F.Guerri, G.Guerri, Cristofanelli, Romanelli, Vagnozzi",Type II
633,1987B, ,N 5850,226.7825,1.5449999999999997,40.0,2556.0,.SBR3.,15.0,=,IIn,226.7624583333333,1.5036666666666665,Evans,Type II
1048,1996ae,*,N 5775,223.49,3.543333333333333,79.0,1681.0,.SB.5.,16.5,>,IIn,223.4992083333333,3.529527777777777,"Vagnozzi, Piermarini, Russo",Type II
1842,2001X, ,N 5921,230.485,5.069999999999999,44.0,1480.0,.SBR4.,14.5,>,II,230.48104166666664,5.0618333333333325,"Fan, Qiu, Hu",Type II
2812,2004V, ,LEDA1527482,222.73,17.21833333333333,,12591.0, ,18.0,>,II,222.73054166666665,17.220166666666664,"Graham, Swift, Li+",Type II
2877,2004ci, ,N 5980,235.3775,15.78833333333333,74.0,4092.0,.S..5.,17.5,>,II,235.37391666666664,15.786888888888887,"Armstrong; Park, Foley+",Type II
1854,2001aj, ,U10243,242.6225,19.95333333333333,24.0,7937.0,.SBT5*,17.1,>,II,242.6259583333333,19.95033333333333,"Weisz, Li +; Pozzoli; Sala",Type II
1720,2000cg, ,U10121,239.94,18.801666666666662,54.0,8830.0,.SBT4.,18.6,>,II,239.93966666666665,18.80361111111111,Lick Observatory Supernova Search,Type II
1220,1997dd,*,N 6060,241.4675,21.485,60.0,4439.0,.SBT5.,16.4,>,IIPec,241.443,21.48730555555555,Aoki,Type II
1373,1998ct,*,U10062,237.79999999999995,21.94333333333333,62.0,7789.0,.SB.5*,16.1,>,IIn,237.798625,21.94333333333333,Schwartz,Type II
2651,2003gp, ,U10160,240.9775,25.01,71.0,9967.0,.SB.1.,18.6,>,II,240.981125,25.006888888888884,"Graham, Weisz, Li+",Type II
2498,2003aq, ,N 5490C,212.5275,17.616666666666664,38.0,5464.0,.SB.4.,18.0,>,II,212.53016666666664,17.618138888888886,Boles,Type II
2830,2004an, ,I 4483,220.08,16.685,74.0,8979.0,.S..3.,18.1,>,II,220.08154166666665,16.684388888888886,"Singer, Li+",Type II
2900,2004df, ,LEDA1659119,227.09,21.879999999999995,,6182.0, ,18.1,>,II,227.08604166666663,21.87647222222222,Boles,Type II
665,1988Q, ,LEDA2054836,248.335,34.806666666666665,50.0,6595.0,.S....,18.7,>,II,248.33616666666663,34.80580555555555,Pollas,Type II
2791,2004A, ,N 6207,250.765,36.83333333333333,68.0,852.0,.S..5.,15.7,>,II,250.75791666666663,36.83680555555555,Itagaki,Type II
1732,2000cs, ,M 07-34-15,245.885,39.12166666666666,,10574.0, ,17.7,>,IIPec,245.8843333333333,39.12474999999999,Puckett,Type II
1207,1997cq,*,U10420,247.4625,39.76666666666666,41.0,9610.0,.SB.3.,19.2,>,IIPec,247.46191666666664,39.75563888888888,McDonald Observatory Supernova Search Team,Type II
1733,2000ct, ,ANON,255.2675,33.48,,8949.0, ,16.9,>,IIn,255.26516666666663,33.479166666666664,"Puckett, Sehgal, Newton",Type II
1706,2000bs, ,U10710,256.72,43.12166666666666,79.0,8387.0,.S..3.,17.1,=,II,256.72779166666663,43.11158333333333,Lick Observatory Supernova Search,Type II
1841,2001W, ,M 07-34-134,250.3125,39.28999999999999,48.0,9186.0,DS..9.,17.0,>,II,250.312875,39.29569444444444,"Puckett, Marcus, George",Type II
2449,2002ln, ,LEDA3130147,249.855,41.79333333333333,,42574.0, ,22.5,>,II:,249.853875,41.79138888888888,European Supernova Cosmology Consortium,Type II
2448,2002lm, ,ANON,249.7675,42.35833333333333,,83942.0, ,22.9,>,II,249.7674583333333,42.35891666666666,European Supernova Cosmology Consortium,Type II
2667,2003hf, ,U10586,252.7025,45.40166666666666,27.0,9384.0,.S..3.,17.7,>,II,252.7015833333333,45.4005,"Graham, Pugh, Li+",Type II
1730,2000cq, ,U10354,245.3425,40.81,43.0,8946.0,.SBS5.,19.3,>,II,245.33891666666665,40.802722222222215,Lick Observatory Supernova Search,Type II
1728,2000co, ,M 07-33-17,239.35,41.90333333333333,48.0,11590.0,.SB.5.,19.2,>,II,239.3524583333333,41.90055555555555,Puckett,Type II
2670,2003hi, ,M 07-33-016,239.1375,41.898333333333326,47.0,10690.0,.S..5.,18.1,>,II,239.1408333333333,41.89652777777777,Boles,Type II
1942,2001dv, ,M 09-27-71,251.2325,51.258333333333326,43.0,,.S....,18.5,>,II,251.2335,51.25716666666666,Puckett,Type II
2712,2003iy, ,N 6143,245.42499999999995,55.085,54.0,5310.0,.SB.4.,16.8,>,II,245.4300833333333,55.084777777777774,Itagaki,Type II
1848,2001ad, ,N 6373,261.0325,58.99499999999999,46.0,3320.0,.SBS5.,17.1,>,IIb,261.0100833333333,58.99780555555554,"Dong, Qiu, Hu",Type II
2922,2004eb, ,N 6387,262.1,57.545,,8499.0, ,17.0,>,II,262.10124999999994,57.54602777777777,"Park, Li+",Type II
1845,2001aa, ,U10888,262.49749999999995,60.35,66.0,6149.0,PSBR3.,18.0,>,II,262.4904583333333,60.35644444444444,Armstrong,Type II
838,1992aa, ,N 6464,266.4625,60.89333333333333,17.0,9937.0,.S..5.,18.0,>,II,266.44716666666665,60.89413888888888,Mueller,Type II
2719,2003jf, ,M 11-22-9,268.3875,64.17333333333332,55.0,10553.0,.S..7.,18.4,>,II,268.389375,64.17002777777778,Boles,Type II
1914,2001ct, ,ANON,201.185,27.25833333333333,,134907.0, ,23.4,>,II:,201.1859583333333,27.25755555555555,Subaru high-redshift supernova search group,Type II
1645,2000J, ,U 8510,202.8225,29.36833333333333,38.0,14368.0,.S..4.,18.5,>,II,202.81766666666664,29.375638888888886,"Puckett, George",Type II
1724,2000ck, ,I 4355,209.525,28.42333333333333,17.0,8056.0,.S..1.,17.0,>,II,209.525625,28.420277777777773,Puckett,Type II
693,1989K, ,N 5375,209.235,29.16333333333333,40.0,2386.0,.SBR2.,17.5,>,II,209.2540833333333,29.16683333333333,"Mueller, Brewer",Type II
610,1985L, ,N 5033,198.3675,36.59333333333333,70.0,875.0,.SAS5.,13.0,=,IIL,198.340625,36.60908333333333,Metlova,Type II
2002,2001gd, ,N 5033,198.365,36.59333333333333,70.0,875.0,.SAS5.,16.2,>,IIb,198.349625,36.63833333333333,Itagaki,Type II
2258,2002ee, ,N 5772,222.9125,40.6,65.0,4900.0,.SAR3.,18.4,>,II,222.9189583333333,40.610361111111104,"Puckett, Toth",Type II
2587,2003ed, ,N5303A,206.9375,38.30499999999999,60.0,1419.0,.S..5.,15.2,>,II,206.9390833333333,38.30561111111111,Itagaki,Type II
945,1994Y, ,N 5371,208.915,40.46166666666666,47.0,2558.0,.SBT4.,14.4,=,IIn,208.9038333333333,40.464888888888886,Wren,Type II
2692,2003ie, ,N 4051,180.79,44.53166666666666,27.0,700.0,.SB.4.,15.2,>,II,180.825625,44.52627777777777,Arbour,Type II
2196,2002bu, ,N 4242,184.3775,45.618333333333325,47.0,517.0,.SBS7.,14.8,>,IIn,184.40491666666665,45.6465,"Puckett, Gauthier",Type II
526,1981K, ,N 4258,184.7425,47.30499999999999,70.0,448.0,.SBS4.,16.0,>,II:,184.74775,47.32536111111111,"Hummel, Wild",Type II
758,1991G, ,N 4088,181.3975,50.54166666666666,70.0,757.0,.SBT5.,15.7,=,IIP,181.3702083333333,50.536583333333326,Mueller,Type II
1019,1996B, ,N 4357,185.9925,48.77833333333333,72.0,4122.0,.SA.4.,17.7,>,II,185.9858333333333,48.77833333333333,Gabrijelcic,Type II
2467,2003J, ,N 4157,182.77,50.48499999999999,90.0,774.0,.SB.3.,16.1,>,II,182.7400833333333,50.47561111111111,"R.Kushida; Puckett, Newton",Type II
1054,1996ak, ,N 5021,198.025,46.19666666666666,68.0,8250.0,.SB.3.,18.0,>,II,198.01841666666664,46.194,Buil,Type II
2203,2002cb, ,M 08-24-34,196.095,47.59666666666666,21.0,8856.0,.SB.5.,17.0,>,IIn,196.09979166666665,47.5981111111111,Boles,Type II
1938,2001dr, ,N 4932,195.6575,50.438333333333325,30.0,7088.0,.SAR5.,16.5,>,II,195.66291666666663,50.44430555555555,Gabrjelcic,Type II
943,1994W, ,N 4041,180.55,62.13833333333332,21.0,1234.0,.SAT4*,13.2,=,IIPec,180.54554166666665,62.14244444444444,"Cortini, Villi",Type II
1494,1999bg, ,I  758,181.055,62.50499999999999,52.0,1275.0,.SBT5.,15.5,>,II:,181.03041666666664,62.50033333333332,Lick Observatory Supernova Search,Type II
969,1995J, ,U 7700,188.14,63.87666666666666,44.0,2971.0,.SBS7.,16.4,>,II,188.15975,63.88588888888888,Johnson,Type II
2485,2003ad, ,LEDA2263541,224.1125,45.353333333333325,,10493.0, ,17.8,>,II,224.1169583333333,45.35255555555555,"Puckett, Newton",Type II
1540,1999df, ,P54081,227.235,52.44666666666666,,11392.0, ,17.5,>,II,227.2355,52.44808333333333,"Puckett, Siegert",Type II
2070,2001it, ,M 09-25-15,226.5425,53.40999999999999,30.0,10330.0,.S..5.,17.4,>,II,226.53916666666663,53.411555555555545,Boles,Type II
1436,1999A, ,N 5874,226.965,54.75333333333332,48.0,3128.0,.SBT5.,18.2,>,II,226.9803333333333,54.76111111111111,"Modjaz, Halderson, Shefler, King, Papenkova, Li, Treffers, Filippenko",Type II
1907,2001cm, ,N 5965,233.51,56.68666666666666,90.0,3412.0,.S..3.,16.2,>,II,233.52791666666664,56.6906111111111,"Jiang, Qiu",Type II
1098,1996cc, ,N 5673,217.8775,49.95833333333333,87.0,2082.0,.SB.5.,14.0,>,II,217.86854166666663,49.96216666666666,Sasaki,Type II
2636,2003ga, ,ANON,215.6375,52.38166666666666,,86940.0, ,23.3,>,II,215.6385,52.38138888888888,"Astier, Pritchet, Canada-France-Hawaii Telescope (CFHT) Legacy Survey Supernova Project",Type II
2614,2003fe, ,ANON,214.33,52.24499999999999,,125913.0, ,22.9,>,II,214.32966666666664,52.24549999999999,"Astier, Pritchet, Canada-France-Hawaii Telescope (CFHT) Legacy Survey Supernova Project",Type II
1192,1997cb, ,ANON,214.48,52.31666666666666,,83942.0, ,23.7,>,II:,214.480875,52.31683333333333,High-Z Supernova Search Team,Type II
73,1951H, ,N 5457,210.8025,54.34833333333333,0.0,241.0,.SBT5.,17.5,>,II:,210.98041666666663,54.36138888888888,Humason,Type II
355,1970G, ,N 5457,210.8025,54.34833333333333,0.0,241.0,.SBT5.,11.4,=,IIL,210.7534583333333,54.24244444444444,Lovas,Type II
7,1909A, ,N 5457,210.8025,54.34833333333333,0.0,241.0,.SBT5.,13.5,=,II:,210.51291666666663,54.466111111111104,Wolf,Type II
2881,2004cm, ,N 5486,211.855,55.103333333333325,53.0,1390.0,.S..9.,18.8,>,II,211.854,55.10305555555555,SDSS Collaboration,Type II
2932,2004el, ,M 09-25-4,224.97,54.618333333333325,61.0,7885.0,.S..5.,16.8,>,II,224.965875,54.61830555555555,Arbour,Type II
2580,2003dv, ,U 9638,224.545,58.871666666666655,,2271.0,.I....,16.2,>,IIn,224.5205,58.88052777777777,"Schwartz, Holvorcem+",Type II
1486,1999ay, ,LEDA2584401,221.185,58.92999999999999,,11992.0, ,18.0,>,II:,221.18275,58.92841666666666,Wise Observatory Optical Transients Search,Type II
1923,2001dc, ,N 5777,222.825,58.97666666666666,90.0,2145.0,.S..3.,18.3,>,IIP,222.81754166666664,58.98416666666666,Armstrong,Type II
1846,2001ab, ,N 6130,244.89,57.615,51.0,5137.0,.SB.4*,17.4,>,II,244.895125,57.618194444444434,"Aazami, Li +",Type II
2501,2003at, ,M 11-20-23,249.6975,66.01833333333333,30.0,7195.0,.S..3.,17.2,>,II,249.6992083333333,66.02324999999999,Armstrong,Type II
1217,1997da, ,I 1216,243.98,68.35,32.0,7615.0,.S..5.,17.0,>,II,243.979,68.34813888888888,Schwartz,Type II
781,1991ae, ,M 11-19-18,237.1475,68.09833333333333,40.0,8795.0,.SB.3.,18.0,>,IIPec,237.14791666666665,68.10083333333333,Mueller,Type II
2263,2002ej, ,N 6324,256.355,75.40666666666665,59.0,4866.0,.S..4.,17.5,>,II,256.34425,75.40672222222221,"Puckett, Kerns",Type II
2816,2004Z, ,M 10-19-85,203.0675,60.39333333333333,,6933.0,.S....,18.5,>,II,203.07241666666664,60.39538888888888,Boles,Type II
1437,1999B, ,U 7189,182.8275,74.80833333333332,57.0,1682.0,.S..7.,16.9,>,II,182.817125,74.80191666666666,Schwartz,Type II
2280,2002fa, ,ANON,313.09,2.145,,17988.0, ,19.3,>,II,313.09075,2.144972222222222,Wood-Vasey et al.,Type II
2686,2003hy, ,I 5145,328.595,15.156666666666665,60.0,7355.0,.S..2.,16.6,>,II,328.5946666666666,15.160499999999995,Boles,Type II
1975,2001fc, ,U11683,317.11249999999995,18.191666666666663,78.0,5025.0,.S..5.,16.9,>,II,317.1110833333333,18.187666666666665,"Puckett, Cox; Ganeshalingam, Li",Type II
2915,2004du, ,U11683,317.11249999999995,18.191666666666663,78.0,5025.0,.S..5.,17.1,>,IIP,317.11045833333327,18.189916666666665,"Singer, Li+",Type II
2867,2004by, ,N 7116,325.67,28.946666666666665,69.0,3532.0,.S..5.,18.9,>,IIPec,325.6745,28.947388888888884,Armstrong,Type II
257,1964H, ,N 7292,337.1075,30.28833333333333,,986.0,.IB.9.,14.8,>,II:,337.10025,30.289805555555557,Gates,Type II
164,1959D, ,N 7331,339.2674999999999,34.41499999999999,68.0,816.0,.SAS4.,13.4,=,IIL,339.257375,34.41891666666666,Humason,Type II
2656,2003gu, ,U12331,345.74749999999995,34.72666666666666,50.0,5794.0,.S..5.,17.2,>,II,345.74770833333326,34.722111111111104,Armstrong,Type II
2740,2003ka, ,M 06-50-020,345.93249999999995,34.98333333333333,30.0,5761.0,.S..5.,18.0,>,IIPec,345.9303333333333,34.98063888888888,"Singer, Beutler, Li+",Type II
1374,1998cu, ,I 1525,359.81499999999994,46.88999999999999,47.0,5022.0,.SB.3.,18.1,>,II,359.8039583333333,46.8755,"Li, Modjaz, Treffers, Filippenko",Type II
1927,2001dg, ,C 513-10,332.56249999999994,36.655,59.0,6143.0,.S..5.,17.5,>,II,332.5553333333333,36.65394444444444,Armstrong,Type II
1761,2000dw, ,U11955,333.4525,39.236666666666665,61.0,5366.0,.S..5.,17.5,>,II,333.45441666666665,39.23752777777777,BAO Supernova Survey,Type II
1997,2001fy, ,U11922,332.225,40.34833333333333,32.0,,.S..5.,18.4,>,II,332.22512499999993,40.34730555555555,LOTOSS,Type II
1919,2001cy, ,U11927,332.36499999999995,40.99,41.0,4478.0,.SB.3.,16.0,>,II,332.36566666666664,40.98791666666666,"Ganeshalingam, Modjaz, Li +",Type II
2910,2004dp, ,LEDA 214782,323.47,41.85166666666666,,, ,18.2,>,II,323.46779166666664,41.85038888888889,"Puckett, Peoples",Type II
2917,2004dw, ,U11394,285.9025,27.606666666666666,90.0,4226.0,.S..5.,17.2,>,II,285.90937499999995,27.61513888888889,"Puckett, Newton",Type II
2933,2004em, ,I 1303,292.87499999999994,35.876666666666665,53.0,4465.0,.S..5.,17.5,>,II,292.879625,35.871027777777776,Armstrong,Type II
1935,2001do, ,U11459,294.345,40.70499999999999,50.0,3124.0,.S..6.,15.8,>,II:,294.34591666666665,40.70674999999999,"Modjaz, Li +",Type II
2249,2002dv, ,U11486,297.4525,50.69666666666666,62.0,7923.0,.S..5.,18.7,>,II,297.453,50.69924999999999,"Beutler, Li+",Type II
2260,2002eg, ,U11486,297.4525,50.69666666666666,62.0,7923.0,.S..5.,17.5,>,IIb,297.446875,50.69822222222221,Sanders,Type II
1510,1999bx, ,N 6745,285.4225,40.745,,4544.0,T.....,15.7,>,II:,285.4226666666666,40.74786111111111,Lick Observatory Supernova Search,Type II
2250,2002dw, ,U11376,283.55999999999995,48.92833333333333,55.0,6528.0,.S..5.,18.9,>,II,283.56354166666665,48.927027777777774,"Weisz, Li+",Type II
860,1992aw, ,LEDA2387415,286.725,51.04666666666666,,10793.0, ,18.0,>,II,286.7299583333333,51.04863888888888,Mueller,Type II
2841,2004ay, ,U11255,277.23999999999995,51.65166666666666,90.0,9723.0,.S..5.,18.1,>,IIn,277.239875,51.64880555555555,Boles,Type II
2339,2002hh, ,N 6946,308.72,60.15333333333332,30.0,48.0,.SBT5.,15.0,=,II,308.68454166666663,60.12194444444444,Li+,Type II
11,1917A, ,N 6946,308.7175,60.15333333333332,30.0,48.0,.SBT5.,14.6,>,II,308.69541666666663,60.12491666666666,Ritchey,Type II
509,1980K, ,N 6946,308.7175,60.15333333333332,30.0,48.0,.SBT5.,11.6,=,IIL,308.8752916666666,60.1066111111111,Wild,Type II
2940,2004et, ,N 6946,308.72,60.15333333333332,30.0,48.0,.SB.5.,12.2,>,II,308.855625,60.12158333333333,Moretti,Type II
309,1968D, ,N 6946,308.7175,60.15333333333332,30.0,48.0,.SBT5.,13.5,>,II,308.7430416666666,60.159611111111104,"Wild, Dunlap",Type II
51,1948B, ,N 6946,308.7175,60.15333333333332,30.0,48.0,.SBT5.,14.7,=,IIP,308.8395833333333,60.17127777777777,Mayall,Type II
1944,2001dx, ,P63222,291.82499999999993,65.31666666666666,82.0,5704.0,.S..5.,17.2,>,II,291.820125,65.31633333333332,Li +,Type II
2886,2004cr, ,U11603,309.05999999999995,63.73999999999999,90.0,5188.0,.S..5.,17.8,>,II,309.02849999999995,63.73677777777777,Armstrong,Type II
1572,1999el, ,N 6951,309.30749999999995,66.10499999999999,41.0,1424.0,.SBT4.,14.5,=,IIn,309.3242916666666,66.10319444444444,"Cao, Qiu, Qiao, Hu",Type II
2924,2004ed, ,N 6786,287.7275,73.41,46.0,7500.0,.SB.4.,17.4,>,II,287.723625,73.40758333333332,Armstrong; Boles,Type II
1218,1997db,*,U11861,329.1,73.26166666666666,58.0,1481.0,.SX.7.,16.9,>,II,329.08554166666664,73.24705555555555,Schwartz,Type II
992,1995ag, ,U11861,329.1025,73.25999999999999,58.0,1481.0,.SX.7.,16.0,>,II,329.08083333333326,73.25377777777777,Mueller,Type II
983,1995X, ,U 12160,340.225,75.16499999999999,40.0,1555.0,.S..5,18.0,>,II,340.21374999999995,75.1698611111111,Mueller,Type II
724,1990K, ,N  150,8.565,-27.805,62.0,1584.0,.SBT3.,14.0,>,II,8.558374999999998,-27.796305555555552,Evans,Type II
2892,2004cx, ,N 7755,356.9675,-30.52,41.0,2963.0,.SB.5.,16.8,>,II,356.97025,-30.525722222222218,Monard,Type II
2005,2001gg, ,ANON,11.3375,-29.75333333333333,,182873.0, ,23.4,>,II,11.336791666666665,-29.753388888888885,Altavilla et al.,Type II
2380,2002iw, ,ANON,355.78,-9.801666666666666,,59958.0, ,21.8,>,II,355.7802083333333,-9.801444444444444,"Smith, Suntzeff (CTIO), Stubbs - ESSENCE project",Type II
2381,2002ix, ,ANON,352.75249999999994,-9.485,,89937.0, ,22.2,>,II,352.7535416666666,-9.485333333333331,"Smith, Suntzeff (CTIO), Stubbs - ESSENCE project",Type II
1740,2000da, ,U    5,0.7749999999999999,-1.913333333333333,63.0,7271.0,.SB.4.,17.5,>,II,0.7771666666666666,-1.9116111111111107,Lick Observatory Supernova Search,Type II
2127,2002D, ,N  594,23.2375,-16.534999999999997,62.0,5413.0,.S..4*,16.7,>,II,23.24083333333333,-16.535361111111108,"Swift, Li +",Type II
2949,2004fc, ,N  701,27.765,-9.701666666666664,61.0,1831.0,.SB.5.,15.4,>,II,27.766041666666663,-9.701916666666666,"Shimasaki, Li+",Type II
2916,2004dv, ,M-01-6-12,29.715,-8.163333333333332,46.0,4754.0,.SB.5.,18.5,>,II,29.71983333333333,-8.16986111111111,"Ganeshalingam, Li+",Type II
1617,1999ge, ,N  309,14.179999999999998,-9.913333333333332,32.0,5662.0,.SBR5.,16.0,>,II,14.18233333333333,-9.911944444444442,Lick Observatory Supernova Search,Type II
1392,1998dn, ,N  337A,15.389999999999995,-7.588333333333332,47.0,1094.0,.SBS7.,15.8,>,II,15.362833333333333,-7.610194444444444,Cao,Type II
1577,1999eq, ,ANON,19.845,-3.605,,13323.0, ,19.0,>,II,19.84458333333333,-3.6055,Nearby Galaxies Supernova Search team,Type II
1768,2000ed, ,ANON,32.779999999999994,-4.376666666666666,,122915.0, ,23.7,>,II:,32.77879166666666,-4.3773888888888886,High-Z Supernova Search Team,Type II
2405,2002jv, ,ANON,31.145,-3.866666666666666,,59958.0, ,22.6,>,II,31.14508333333333,-3.8660833333333327,Challis  (ESSENCE project),Type II
2737,2003jx, ,ANON,31.64,-3.811666666666666,,59958.0, ,23.6,>,II,31.63916666666666,-3.811,ESSENCE project,Type II
2331,2002gz, ,ANON,38.5425,-0.8883333333333332,,25482.0, ,18.2,>,II,38.54316666666666,-0.8883888888888888,"Wood-Vasey, Aldering, Nugent, K.Li",Type II
981,1995V, ,N 1087,41.60249999999999,-0.4949999999999999,54.0,1515.0,.SBT5.,15.0,>,II,41.61154166666666,-0.4987777777777777,Evans,Type II
2060,2001ij, ,M 00-07-84,40.63249999999999,-1.015,63.0,11363.0,.S....,20.7,>,IIP,40.63179166666666,-1.0141944444444444,Miknaitis (Sloan Digital Sky Survey),Type II
2799,2004I, ,N 1072,40.88,0.3066666666666666,70.0,8018.0,.SB.3.,17.1,>,II,40.88012499999999,0.3085277777777777,"Swift, Burket, Graham, Foley, Li+",Type II
1770,2000ef, ,ANON,37.0425,-1.1849999999999998,,122915.0, ,23.2,>,II:,37.04291666666666,-1.1843333333333332,High-Z Supernova Search Team,Type II
1984,2001fl, ,ANON,37.06249999999999,0.3549999999999999,,26082.0, ,19.6,>,IIn,37.06325,0.3551666666666666,High-Z Supernova Search Team,Type II
1598,1999fl, ,ANON,37.5225,0.7483333333333332,,89938.0, ,24.9,>,II,37.52304166666666,0.7479444444444443,High-Z Supernova Search Team,Type II
1957,2001ek, ,ANON,37.5725,1.065,,, ,25.0,>,IIP,37.57341666666666,1.0656666666666663,High-Z Supernova Search Team,Type II
2322,2002gq, ,ANON,32.622499999999995,0.5383333333333332,,59958.0, ,21.0,>,IIPec,32.623708333333326,0.5380277777777777,Sloan Digital Sky Survey,Type II
2063,2001im, ,ANON,31.07,0.6533333333333332,,22506.0, ,21.0,>,IIb,31.07,0.6530555555555555,Miknaitis (Sloan Digital Sky Survey),Type II
1755,2000dq, ,P 8157,32.084999999999994,1.1833333333333331,32.0,12702.0,.S..1.,18.5,>,II,32.08741666666666,1.1835555555555557,Lick Observatory Supernova Search,Type II
2364,2002ig, ,ANON,24.155,0.9233333333333332,,23084.0, ,19.6,>,II,24.152999999999995,0.9237777777777776,"Miknaitis, Miceli, Garg  (Sloan Digital Sky Survey(SDSS))",Type II
1074,1996be, ,ANON,33.0125,1.3783333333333332,,65954.0, ,22.2,>,II,33.01179166666666,1.3775277777777777,High-Z Supernova Search Team,Type II
1542,1999dh, ,I  211,32.7825,3.851666666666666,52.0,3256.0,.SXS5.,15.5,>,II,32.77529166666666,3.851916666666666,Lick Observatory Supernova Search,Type II
1007,1995av, ,ANON,30.4025,3.648333333333333,,89938.0, ,20.1,>,II:,30.403125,3.6486666666666654,Supernova Cosmology Project,Type II
2464,2003G, ,I  208,32.114999999999995,6.394999999999999,24.0,3449.0,.S..4.,14.5,=,IIn,32.11720833333333,6.397749999999999,"Graham, Li +",Type II
626,1986K, ,N  298,13.759999999999998,-7.333333333333332,76.0,1753.0,.S..5.,16.5,>,II,13.772416666666665,-7.334055555555555,Schildknecht,Type II
1777,2000em, ,LEDA143614,8.874999999999998,-2.658333333333333,,5696.0, ,18.3,>,IIPec,8.874249999999998,-2.6576111111111107,Nearby Galaxies Supernova Search team,Type II
2460,2003C, ,U  439,10.339999999999998,-1.7166666666666663,17.0,5302.0,.S..1.,17.0,>,II,10.337125,-1.7150277777777776,"Puckett, Cox",Type II
2772,2003lg, ,ANON,18.3875,-0.6149999999999999,,59958.0, ,22.5,>,II,18.386166666666664,-0.6159166666666666,ESSENCE project,Type II
2749,2003kj, ,ANON,18.6525,-0.3999999999999999,,29979.0, ,22.3,>,II,18.65233333333333,-0.3994999999999999,ESSENCE project,Type II
1076,1996bg, ,LEDA3112538,13.217499999999998,-0.0749999999999999,,34696.0, ,22.0,>,II,13.218249999999998,-0.0753055555555555,High-Z Supernova Search Team,Type II
2898,2004dd, ,N  124,6.967499999999999,-1.81,56.0,4060.0,.S..5.,17.0,>,II,6.970749999999999,-1.8128611111111108,"Graham, Li+",Type II
2407,2002jx, ,ANON,6.724999999999999,0.3799999999999999,,59958.0, ,23.5,>,II,6.725541666666666,0.3804722222222221,Challis  (ESSENCE project),Type II
1974,2001fb, ,P  713,2.5274999999999994,-0.4349999999999999,,9648.0, ,20.0,>,II,2.525625,-0.4383888888888888,Rest,Type II
2395,2002jl, ,ANON,5.057499999999999,-0.1383333333333333,,19186.0, ,19.2,>,II,5.058125,-0.1390833333333333,"Wood-Vasey, Aldering, Nugent, K.Li",Type II
2373,2002ip, ,ANON,1.0299999999999998,0.1666666666666666,,23683.0, ,19.3,>,II,1.0305,0.1674999999999999,"Miknaitis, Miceli, Garg  (Sloan Digital Sky Survey(SDSS))",Type II
2944,2004ex, ,N  182,9.552499999999998,2.728333333333333,40.0,5261.0,.SB.1.,17.7,>,II,9.542458333333332,2.721444444444444,"Trondal, Schwartz; Shimasaki, Li+",Type II
1135,1997W,*,N  664,25.94,4.221666666666666,38.0,5425.0,.S..3*,18.0,>,II:,25.93541666666666,4.221444444444444,"Brelind, Garnavich",Type II
1562,1999eb, ,N  664,25.94,4.223333333333333,38.0,5425.0,.S..3*,16.2,>,IIn,25.939374999999995,4.223861111111111,Lick Observatory Supernova Search,Type II
1092,1996bw,*,N  664,25.94,4.223333333333333,38.0,5425.0,.S..3.,15.5,>,II,25.93545833333333,4.222138888888888,BAO Supernova Survey,Type II
1973,2001fa, ,N  673,27.0925,11.521666666666665,41.0,5182.0,.SXS5.,16.0,>,IIn,27.09258333333333,11.52622222222222,"Papenkova, Li +",Type II
2639,2003gd, ,N  628,24.175,15.783333333333331,24.0,657.0,.S..5.,13.2,>,II,24.17770833333333,15.73886111111111,Evans,Type II
2032,2001hh, ,M-02-57-22,339.12249999999995,-12.566666666666665,62.0,7445.0,PLB.0P,17.8,>,II,339.1266666666666,-12.568888888888887,"Schwartz, Li +",Type II
1971,2001ey, ,M-01-57-10,336.62499999999994,-6.393333333333333,90.0,7558.0,.S..5.,17.6,>,IIn,336.6282083333333,-6.391277777777777,"Puckett, Marcus",Type II
1906,2001cl, ,N 7260,335.6525,-4.121666666666666,46.0,4901.0,.SBT4.,17.2,>,II,335.6563333333333,-4.125222222222222,Papenkova +,Type II
1235,1997ds, ,P68771,336.0475,-3.483333333333333,36.0,2833.0,.SB.6.,16.2,>,II,336.04795833333327,-3.48625,"Qiu, Qiao, Li, Hu, Esamdin",Type II
987,1995ab, ,N 7663,351.68749999999994,-4.966666666666666,53.0,5696.0,.S....,17.7,>,II,351.68524999999994,-4.962749999999999,Pollas,Type II
2716,2003jc, ,M-01-58-018,346.2275,-6.539999999999999,38.0,6029.0,.S..3.,16.9,>,II,346.22225,-6.536694444444444,"Burket, Swift, Li+",Type II
986,1995aa, ,LEDA1057160,344.7875,-4.515,,56961.0, ,19.8,>,IIn,344.7905416666666,-4.515916666666666,Pollas,Type II
912,1993ad, ,I 1501,353.6675,-3.1516666666666664,65.0,5225.0,.SBS4P,16.1,=,II,353.67070833333327,-3.1592222222222217,Pollas,Type II
905,1993W, ,ANON,352.4175,-3.038333333333333,,5396.0,.S....,17.0,>,II,352.4169166666666,-3.0405277777777773,Pollas,Type II
2252,2002dy, ,M-01-59-24,352.1025,-2.7999999999999994,59.0,9904.0,.SX.5.,17.0,>,II,352.0969583333333,-2.804722222222222,"Swift, Li+",Type II
1553,1999ds, ,ANON,358.465,0.1566666666666666,,104927.0, ,22.4,>,II:,358.46512499999994,0.1563611111111111,"European Supernova Cosmology Consortium, Supernova Cosmology Project",Type II
1611,1999fy, ,ANON,353.44499999999994,0.2049999999999999,,83942.0, ,22.7,>,II:,353.44541666666663,0.2044444444444444,High-Z Supernova Search Team,Type II
1604,1999fr, ,ANON,351.81749999999994,0.0633333333333333,,, ,23.7,>,II:,351.81825,0.0629999999999999,High-Z Supernova Search Team,Type II
743,1990ad, ,LEDA1190690,340.6625,1.3016666666666663,,, ,19.5,>,II:,340.66212499999995,1.3021666666666665,"McNaught, Hartley",Type II
2309,2002gd, ,N 7537,348.6449999999999,4.498333333333333,80.0,2674.0,.SA.4.,16.4,=,II,348.65416666666664,4.5016388888888885,"Klotz; Puckett, Langoussis",Type II
2371,2002in, ,ANON,326.07249999999993,-0.2416666666666666,,22784.0, ,19.1,>,II,326.07241666666664,-0.2420833333333333,"Miknaitis, Miceli, Garg  (Sloan Digital Sky Survey(SDSS))",Type II
2108,2001kf, ,ANON,335.3924999999999,0.2666666666666666,,17088.0, ,23.1,>,IIP,335.3924999999999,0.2672777777777777,"Ellis, Pain, Raux, Sainton, Schahmaneche, Sullivan",Type II
797,1991av, ,ANON,329.00749999999994,0.9983333333333332,,7500.0, ,18.0,>,IIPec,329.0092916666666,0.999722222222222,Mueller,Type II
2368,2002ik, ,LEDA1165364,321.475,0.4166666666666666,,9593.0, ,20.1,>,IIP,321.476125,0.4148888888888888,"Miknaitis, Miceli, Garg  (Sloan Digital Sky Survey(SDSS))",Type II
2919,2004dy, ,I 5090,317.87499999999994,-2.0316666666666663,72.0,9340.0,.S..1.,18.8,>,II,317.8755416666666,-2.037027777777777,"Ganeshalingam, Moore, Li+",Type II
2710,2003iw, ,N 7102,324.93499999999995,6.286666666666666,56.0,4866.0,.SB.3.,17.1,>,II,324.92929166666664,6.284166666666666,Boles,Type II
2374,2002iq, ,ANON,338.03,0.915,,16788.0, ,21.6,>,II,338.02941666666663,0.9155555555555556,"Miknaitis, Miceli, Garg  (Sloan Digital Sky Survey(SDSS))",Type II
1976,2001fd, ,U11957,333.61999999999995,5.031666666666666,62.0,8450.0,.S..4.,18.4,>,II,333.6235,5.02711111111111,"Papenkova, Li +",Type II
1918,2001cx, ,U12266,344.50249999999994,6.069999999999999,36.0,4817.0,.SB.2.,17.8,>,II,344.5011666666666,6.063444444444444,"Yu, Modjaz, Li +",Type II
2300,2002fu, ,ANON,332.485,12.085,,27281.0, ,19.3,>,II,332.4832916666666,12.085166666666664,"Wood-Vasey, Aldering, Nugent",Type II
1776,2000el, ,N 7290,337.11,17.146666666666665,60.0,2905.0,.SAR4.,16.8,>,II,337.11091666666664,17.147555555555552,"Puckett, George",Type II
949,1994ac, ,U12799,357.475,2.703333333333333,84.0,5311.0,.S..5*,18.5,>,II,357.47304166666663,2.702805555555555,McNaught,Type II
744,1990ae, ,M 01-02-004,5.7075,6.8166666666666655,74.0,7554.0,DS..5.,18.0,>,II,5.712916666666666,6.818055555555555,"Mueller, Mendenhall",Type II
2703,2003ip, ,U  327,8.315,7.9049999999999985,71.0,5398.0,.S..4.,16.5,>,II,8.319833333333332,7.905416666666666,Li+,Type II
1930,2001dj, ,N  180,9.489999999999998,8.634999999999998,44.0,5281.0,.SBT4.,17.7,>,IIPec,9.467583333333332,8.642499999999998,"Papenkova, Li +",Type II
747,1990ah, ,U  249,6.5425,13.65333333333333,38.0,5271.0,.SB.7.,18.0,>,II:,6.543333333333332,13.655555555555551,Pollas,Type II
667,1988S, ,M 01-60-40,357.74499999999995,8.681666666666665,70.0,12594.0,.S..1.,19.0,>,II,357.745375,8.674583333333333,Pollas,Type II
994,1995ai, ,N 7794,359.6424999999999,10.728333333333332,43.0,5280.0,.S..5.,17.9,>,II,359.6377499999999,10.723305555555552,Pollas,Type II
2769,2003ld, ,U  148,3.9625,16.089999999999996,77.0,4213.0,.S..5.,16.8,>,II,3.966041666666666,16.089333333333332,"Puckett, Cox",Type II
2388,2002je, ,LEDA212525,6.844999999999999,24.181666666666665,,7465.0, ,17.5,>,II,6.843416666666665,24.18308333333333,"Beutler, Li+ (KAIT)",Type II
2054,2001id, ,U12424,348.2975,10.771666666666665,40.0,10622.0,.S..3*,18.8,>,II,348.2953333333333,10.773666666666664,Li +,Type II
2668,2003hg, ,N 7771,357.8525,20.111666666666665,62.0,4277.0,.SB.1.,16.9,>,II,357.85054166666663,20.11063888888889,"Moore, Li+",Type II
873,1992bj, ,LEDA1727231,350.4625,25.15833333333333,,16788.0, ,19.7,>,II,350.46191666666664,25.15930555555555,Pollas,Type II
2267,2002en, ,U12289,344.9225,24.075,24.0,9986.0,.SB.6.,18.3,>,II,344.9200833333333,24.07152777777777,Li+,Type II
2902,2004dh, ,M 04-1-48,4.499999999999999,24.56333333333333,46.0,5794.0,.S..5.,17.5,>,II,4.501625,24.56236111111111,"Moore, Li+",Type II
791,1991ao, ,U  270,6.992499999999999,32.776666666666664,38.0,4923.0,.S....,17.8,>,II,6.984999999999999,32.77822222222222,Pollas,Type II
697,1989O, ,M 06-01-26,5.27,34.51499999999999,34.0,19187.0,.S....,18.0,>,IIPec,5.275624999999999,34.51780555555555,"Mueller, Mendenhall",Type II
989,1995ad, ,N 2139,90.28499999999998,-23.675,40.0,1843.0,.SBT5.,14.5,>,II,90.27554166666664,-23.67472222222222,Evans,Type II
2936,2004ep, ,I 2152,89.47249999999998,-23.18,46.0,1875.0,.SB.1.,18.6,>,II,89.47358333333332,-23.18286111111111,"Moore, Li+",Type II
817,1992D, ,LEDA842727,90.25,-20.366666666666664,46.0,14990.0,.S....,18.7,>,IIPec,90.24949999999998,-20.36908333333333,"McNaught, Drinkwater",Type II
1998,2001fz, ,N 2280,101.20499999999998,-27.63833333333333,64.0,1906.0,.SAS5.,17.0,>,II,101.20941666666666,-27.62019444444444,BAO Supernova Survey,Type II
1806,2000fp, ,ANON,84.50499999999998,-23.776666666666664,,89938.0, ,22.9,>,II,84.50529166666665,-23.776138888888884,PUC-Padova Supernova Search,Type II
2008,2001gj, ,ANON,84.53249999999998,-23.71,,80944.0, ,22.4,>,II,84.53291666666665,-23.709555555555557,Altavilla et al.,Type II
2185,2002bj, ,N 1821,77.9425,-15.134999999999998,,3608.0,.IBS9.,14.8,>,IIn,77.94329166666665,-15.136333333333331,"Puckett, Newton; Papenkova, Li +",Type II
1265,1997ew, ,ANON,126.10499999999998,3.818333333333333,,176878.0, ,23.9,>,II/Ic:,126.10454166666663,3.818888888888889,"Nugent, Aldering, Castro, Nunes, Quimby",Type II
1264,1997ev, ,ANON,126.08499999999998,3.86,,128911.0, ,23.0,>,II:,126.08449999999998,3.86,"Nugent, Aldering, Castro, Nunes, Quimby",Type II
1477,1999ap, ,ANON,127.44749999999998,4.626666666666666,,11992.0, ,19.4,>,II,127.44774999999998,4.62736111111111,Supernova Cosmology Project,Type II
1446,1999K, ,P22597,120.7775,3.418333333333333,,10729.0, ,21.5,>,II,120.77525,3.414333333333333,High-Z Supernova Search Team,Type II
1282,1998G, ,ANON,120.905,6.169999999999999,,89938.0, ,22.8,>,II:,120.90424999999998,6.170527777777777,High-Z Supernova Search Team,Type II
2970,2004fx, ,M-02-14-3,77.78249999999998,-9.39,86.0,2673.0,.SB.5.,16.9,>,II,77.79862499999999,-9.39211111111111,"Park, Li+",Type II
2721,2003jh, ,M-02-11-30,64.16,-12.398333333333332,70.0,8898.0,.S..3.,17.8,>,IIn,64.15541666666665,-12.39247222222222,"Moore, Li+",Type II
1580,1999et, ,N 1643,70.93249999999999,-5.319999999999999,44.0,4850.0,.SBR4P,17.1,>,II,70.93137499999999,-5.322166666666666,Cappellaro,Type II
966,1995G, ,N 1643,70.93249999999999,-5.3183333333333325,44.0,4850.0,.SBR4P,16.0,>,IIPec,70.93424999999999,-5.314944444444444,"Evans, Shobbrook, Beaman",Type II
1803,2000fm, ,N 1612,68.30499999999999,-4.171666666666666,46.0,,.SBR0.,16.5,>,II,68.31249999999999,-4.177638888888889,"Schwartz, Li, Filippenko +",Type II
1573,1999em, ,N 1637,70.36749999999999,-2.8566666666666665,32.0,717.0,.SBT5.,13.8,=,IIP,70.36315416666666,-2.862730555555556,Lick Observatory Supernova Search,Type II
1458,1999W, ,ANON,64.445,-4.834999999999999,,35975.0, ,23.4,>,II,64.44495833333332,-4.835666666666666,High-Z Supernova Search Team,Type II
1018,1996A, ,LEDA147085,77.695,-3.0049999999999994,,9893.0, ,18.0,>,II,77.69624999999999,-3.006944444444444,Evans,Type II
1826,2001H, ,M-01-10-19,55.17999999999999,-6.414999999999999,65.0,5248.0,.SXR5.,16.6,>,II,55.17937499999999,-6.416416666666666,Holmes,Type II
1627,1999go, ,N 1376,54.27499999999999,-5.043333333333333,21.0,4155.0,.SAS5.,15.5,>,II,54.27383333333333,-5.03861111111111,Lick Observatory Supernova Search,Type II
2780,2003lo, ,N 1376,54.27499999999999,-5.043333333333333,21.0,4155.0,.S..5.,17.2,>,IIn,54.27133333333333,-5.038138888888888,"Puckett, Kerns",Type II
1783,2000es, ,ANON,61.57499999999999,-3.39,,22185.0, ,19.8,>,II,61.574458333333325,-3.388388888888888,Nearby Galaxies Supernova Search team,Type II
1591,1999fe, ,ANON,45.755,0.2133333333333333,,, ,25.0,>,II:,45.75583333333333,0.2140277777777777,Supernova Cosmology Project,Type II
1246,1997ed, ,ANON,56.73499999999999,0.695,,45568.0, ,21.0,>,II:,56.7355,0.6959444444444444,"Regnault, Perdereau",Type II
1602,1999fp, ,ANON,63.75999999999999,4.363333333333332,,101929.0, ,24.1,>,II:,63.760791666666655,4.362888888888889,High-Z Supernova Search Team,Type II
1773,2000ei, ,ANON,64.27999999999999,5.764999999999999,,179876.0, ,22.8,>,II:,64.27991666666665,5.764749999999999,High-Z Supernova Search Team,Type II
999,1995an, ,U 3188,72.95499999999998,8.843333333333332,57.0,3522.0,.S..2.,16.7,>,II,72.95224999999999,8.84436111111111,Mueller,Type II
2409,2002jz, ,U 2984,63.30249999999999,13.419999999999998,48.0,1543.0,.S..7.,15.9,>,IIb:,63.30216666666666,13.418694444444442,"Puckett, Tigner",Type II
2340,2002hi, ,ANON,109.97499999999998,17.971666666666664,,18287.0, ,17.9,>,IIn,109.97533333333332,17.97172222222222,Li+,Type II
961,1995B, ,LEDA1658072,109.39,21.825,,9900.0, ,19.0,>,II,109.39091666666666,21.82361111111111,Pollas,Type II
1564,1999ed, ,U 3555,102.4975,25.635,30.0,4835.0,.SBT4.,17.8,>,II,102.50395833333332,25.63180555555555,Lick Observatory Supernova Search,Type II
732,1990S, ,M-05-29-06,181.39,-30.16166666666666,66.0,7539.0,.S..2.,16.1,=,II:,181.38791666666663,-30.161111111111108,Antezana,Type II
2807,2004Q, ,E 507-G11,191.9175,-26.2,64.0,7483.0,.SB.4.,18.4,>,II,191.917125,-26.206472222222217,"Burket, Li+",Type II
1530,1999cr, ,E 576-G34,200.0775,-20.14833333333333,90.0,3000.0,.S..6.,18.0,>,II,200.07625,-20.14736111111111,Antezana,Type II
1440,1999E, ,LEDA3098299,199.32,-18.551666666666662,62.0,7740.0,.S....,16.0,>,IIn,199.3182083333333,-18.55372222222222,Antezana,Type II
2590,2003eg, ,N 4727 ?,192.74,-14.333333333333332,46.0,7495.0,?SB.4.,15.8,>,II,192.74304166666664,-14.333638888888888,"Ganeshalingam, Graham, Pugh, Li+",Type II
1030,1996M, ,LEDA944210,192.8175,-13.019999999999998,,5996.0, ,18.0,>,II,192.823875,-13.019916666666663,McNaught,Type II
2589,2003ef, ,N 4708,192.4225,-11.093333333333332,43.0,4103.0,.SB.2.,16.3,>,II,192.42604166666663,-11.091527777777776,"Weisz, Li+",Type II
1276,1998A,*,I 2627,167.47249999999997,-23.726666666666663,40.0,2087.0,.SBS4*,17.0,>,II,167.4597083333333,-23.728638888888884,"Williams, Woodings, Martin",Type II
2814,2004X, ,P 34628,169.81499999999997,-15.734999999999998,,3917.0,.E....,18.1,>,II,169.81270833333332,-15.734638888888886,"Pugh, Li+",Type II
1184,1997bt, ,LEDA114234,166.56249999999997,-11.606666666666666,,19428.0, ,19.5,>,II,166.56291666666664,-11.606944444444444,Hardin,Type II
1040,1996W, ,N 4027,179.87499999999997,-19.266666666666666,44.0,1671.0,.SBS6.,15.1,>,II,179.87075,-19.25608333333333,"Li, Qiu, Qiao, Ma, Hu",Type II
1363,1998cj, ,N 4263,184.925,-12.224999999999998,62.0,4234.0,.SXT3P,17.2,>,II,184.93041666666664,-12.228277777777777,"Regnault, Perdereau",Type II
2128,2002E, ,N 4129,182.2225,-9.036666666666664,78.0,1174.0,.SBS2*,16.8,>,II,182.22041666666664,-9.037,"Swift, Li +",Type II
2588,2003ee, ,ANON,173.35249999999996,-9.989999999999998,,6295.0, ,16.5,>,IIn,173.3520833333333,-9.990666666666666,"Wood-Vasey, Aldering, Nugent",Type II
1354,1998ca, ,ANON,183.3775,-6.396666666666666,,8394.0, ,18.8,>,II,183.3718333333333,-6.394999999999999,"Perdereau, Regnault",Type II
1466,1999ae, ,LEDA1055291,177.84999999999997,-4.653333333333332,,22853.0, ,21.2,>,II,177.85199999999998,-4.652611111111111,Supernova Cosmology Project,Type II
1167,1997bc, ,ANON,179.78499999999997,-0.5549999999999999,,77946.0, ,22.1,>,II,179.7844583333333,-0.5557222222222221,High-Z Supernova Search Team,Type II
1649,2000N, ,M-02-34-54,201.98,-13.423333333333332,44.0,3990.0,.SB.4.,17.3,>,II,201.984125,-13.413416666666665,Lick Observatory Supernova Search,Type II
2248,2002du, ,ANON,208.325,-11.624999999999998,,62956.0, ,22.2,>,II,208.32616666666664,-11.624666666666664,Altavilla+,Type II
2214,2002cm, ,LEDA962524,208.015,-11.721666666666666,,26082.0, ,22.3,>,II,208.01529166666663,-11.719027777777775,"Altavilla, Benetti et al.",Type II
1709,2000bv, ,ANON,194.87,-12.335,,35975.0, ,20.6,>,II:,194.8695833333333,-12.335444444444445,"EROS, European Supernova Cosmology Consortium, et al",Type II
759,1991H, ,Reiz3080,194.725,-10.731666666666666,,5396.0, ,17.5,>,II,194.72554166666663,-10.733888888888888,McNaught,Type II
2534,2003cb, ,N 4885,195.14,-6.853333333333333,,3366.0, ,17.9,>,II,195.13854166666664,-6.852583333333333,"Schwartz, Holvorcem+",Type II
1849,2001ae, ,I 4229,200.61,-2.418333333333333,38.0,6978.0,PSBR3P,17.3,>,II,200.609,-2.4236111111111107,"Friedman, Li +",Type II
1885,2001bq, ,N 5534,214.4175,-7.418333333333332,32.0,2633.0,PSBS2P,15.1,>,II,214.4255833333333,-7.4168611111111105,Itagaki,Type II
2257,2002ed, ,N 5468,211.645,-5.453333333333332,21.0,2845.0,.SXT5.,16.4,>,II,211.65925,-5.457777777777777,Monard,Type II
1705,2000br, ,LEDA1063998,210.96,-4.018333333333333,,, ,19.7,>,II,210.95916666666665,-4.017138888888888,"Strolger, Nearby Galaxies Supernova Search",Type II
1314,1998am, ,ANON,205.34,-0.5433333333333332,,72000.0, ,23.8,>,II,205.3390833333333,-0.5427222222222221,High-Z Supernova Search Team,Type II
1105,1996cj, ,ANON,206.9075,2.438333333333333,,56961.0, ,23.5,>,II,206.90754166666665,2.437472222222222,Supernova Cosmology Project,Type II
2797,2004G, ,N 5668,218.3525,4.449999999999999,30.0,1583.0,.S..6.,16.8,>,II,218.33916666666664,4.447083333333333,Kushida,Type II
561,1983K, ,N 4699,192.26,-8.663333333333332,41.0,1394.0,.SBT3.,12.4,=,IIPL,192.301,-8.628444444444444,Wischnjewsky,Type II
1623,1999gk, ,N 4653,190.9625,-0.5616666666666665,27.0,2626.0,.SBT5.,15.7,>,II,190.96629166666665,-0.5487222222222221,Berlind,Type II
2546,2003cn, ,I 849,196.9125,-0.9416666666666664,34.0,5430.0,.S..5.,18.1,>,II,196.904375,-0.9471944444444444,"Papenkova, Li+",Type II
1505,1999br, ,N 4900,195.165,2.5,17.0,960.0,.SBT5.,15.8,>,IIPec,195.17416666666665,2.496055555555555,Lick Observatory Supernova Search,Type II
688,1989F, ,U 8084,194.5925,2.793333333333333,34.0,2777.0,.SBS7.,16.5,>,IIPec:,194.5970833333333,2.79875,"Schildknecht, Wild",Type II
1171,1997bg, ,ANON,190.165,-0.3999999999999999,,56961.0, ,23.5,>,II,190.16466666666665,-0.4007499999999999,High-Z Supernova Search Team,Type II
2593,2003ej, ,U 7820,189.7975,0.7166666666666666,32.0,5090.0,.SB.5.,16.3,>,II,189.79625,0.725111111111111,"Ganeshalingam, Graham, Pugh, Li+",Type II
1024,1996G, ,ANON,187.225,-0.0783333333333333,,122915.0, ,23.3,>,II:,187.2243333333333,-0.0790555555555555,High-Z Supernova Search Team,Type II
1626,1999gn, ,N 4303,185.4775,4.471666666666666,17.0,1566.0,.SXT4.,15.6,>,II,185.4875833333333,4.462666666666666,Dimai,Type II
194,1961I, ,N 4303,185.4775,4.471666666666666,17.0,1566.0,.SXT4.,13.0,=,II:,185.5017083333333,4.470333333333333,Humason,Type II
2202,2002ca, ,U 8521,203.1275,1.8483333333333327,34.0,3277.0,RSBR2P,17.3,>,II,203.13129166666664,1.8450277777777773,"Puckett, Kerns; Li +",Type II
968,1995I, ,ANON,200.25,3.5966666666666662,,22484.0, ,19.5,>,II,200.249375,3.598944444444444,Pollas,Type II
1205,1997co, ,N 5125,201.0025,9.71,38.0,6980.0,.S..3.,17.0,>,II,201.00491666666665,9.706361111111107,BAO Supernova Survey,Type II
1836,2001R, ,N 5172,202.33,17.051666666666666,59.0,4030.0,.SB.4.,18.5,>,II,202.32054166666663,17.044777777777774,"Weisz, Modjaz, Li +",Type II
1023,1996F, ,ANON,162.515,-9.374999999999998,,131909.0, ,22.5,>,II:,162.5150833333333,-9.375055555555557,High-Z Supernova Search Team,Type II
1653,2000R, ,LEDA1031379,150.33999999999995,-6.565,,2998.0, ,19.4,>,IIL,150.33862499999998,-6.565944444444444,EROS,Type II
1708,2000bu, ,LEDA3263640,171.7975,-6.386666666666666,,14990.0, ,19.4,>,II:,171.7977083333333,-6.387388888888888,"EROS, European Supernova Cosmology Consortium, et al",Type II
1489,1999bb, ,ANON,166.31749999999997,-6.025,,53963.0, ,20.6,>,II,166.31862499999997,-6.025694444444444,"Nearby Galaxies Supernova Search team, Supernova Cosmology Project",Type II
1710,2000bw, ,LEDA 96685,167.45749999999998,-4.413333333333333,,35975.0, ,20.5,>,II:,167.4577083333333,-4.412888888888888,"EROS, European Supernova Cosmology Consortium, et al",Type II
1717,2000cd, ,ANON,164.2025,-5.578333333333332,,14090.0, ,18.2,>,IIn,164.20287499999998,-5.577999999999999,Nearby Galaxies Supernova Search Team,Type II
1822,2001D, ,I  728,176.20999999999998,-1.6016666666666663,62.0,8499.0,.SBT3.,17.1,>,II,176.21237499999998,-1.605111111111111,"Modjaz, Li +",Type II
1880,2001bk, ,ANON,171.38249999999996,-1.7333333333333332,,12891.0, ,18.2,>,II,171.383875,-1.7336944444444442,QUEST collaboration,Type II
2169,2002at, ,N 3720,173.08999999999995,0.8033333333333332,32.0,5936.0,.SA.1*,17.8,>,II:,173.09145833333332,0.8024444444444443,"Swift, Li +",Type II
1164,1997az, ,ANON,170.77249999999998,-0.2649999999999999,,11992.0, ,19.0,>,II,170.77320833333332,-0.2654444444444444,High-Z Supernova Search Team,Type II
1321,1998at, ,ANON,163.72749999999996,-3.736666666666666,,119917.0, ,23.8,>,II,163.72654166666663,-3.736111111111111,Supernova Cosmology Project,Type II
1450,1999O, ,ANON,160.52249999999998,-0.4833333333333333,,62956.0, ,24.1,>,II,160.52174999999997,-0.4833888888888888,High-Z Supernova Search Team,Type II
1175,1997bk, ,ANON,160.51,0.0299999999999999,,83942.0, ,22.4,>,II,160.50879166666664,0.0300583333333333,High-Z Supernova Search Team,Type II
1287,1998L, ,ANON,173.40249999999995,4.584999999999999,,, ,23.6,>,II:,173.40262499999997,4.58461111111111,High-Z Supernova Search Team,Type II
2541,2003ci, ,U 6212,167.60249999999996,4.829999999999999,56.0,9091.0,.S..4.,17.5,>,II,167.59929166666663,4.826638888888888,"Swift, Li+",Type II
967,1995H, ,N 3526,166.735,7.173333333333332,84.0,1420.0,.SA.5P,15.7,>,II,166.73091666666664,7.17211111111111,Mueller,Type II
1703,2000bp, ,LEDA3257170,148.58499999999998,-4.853333333333333,,17301.0, ,19.8,>,II,148.5859583333333,-4.853694444444444,"Strolger, Nearby Galaxies Supernova Search",Type II
1305,1998ad, ,ANON,142.4825,-5.366666666666666,,132000.0, ,23.4,>,II:,142.48212499999997,-5.366472222222222,High-Z Supernova Search Team,Type II
1307,1998af, ,ANON,142.65499999999997,-5.081666666666666,,69000.0, ,23.7,>,II,142.65408333333332,-5.08086111111111,High-Z Supernova Search Team,Type II
1457,1999V, ,ANON,142.45999999999998,-4.738333333333332,,59958.0, ,23.6,>,II:,142.4589583333333,-4.738555555555555,High-Z Supernova Search Team,Type II
685,1989C, ,U 5249,146.93749999999997,2.6266666666666665,79.0,1882.0,.SB.6.,14.8,=,IIn,146.93954166666666,2.626694444444444,Wild,Type II
582,1984E, ,N 3169,153.55999999999997,3.468333333333333,59.0,1238.0,.SAS1P,15.2,=,IIL,153.54587499999997,3.470277777777777,"Metlova, Okazaki, Evans",Type II
1843,2001Y, ,N 3362,161.21499999999995,6.596666666666666,40.0,8290.0,.SX.5.,18.1,>,II,161.2100833333333,6.597444444444443,"Li, Modjaz +",Type II
2856,2004bn, ,N 3441,163.12999999999997,7.224999999999999,59.0,6533.0,.S..5.,18.7,>,II,163.12941666666666,7.22811111111111,"Singer, Burket, Li+",Type II
2183,2002bh, ,U 5286,147.77499999999998,9.008333333333333,48.0,5198.0,.SA.6.,17.1,>,II,147.7773333333333,9.001583333333333,"Ganeshalingam, Li +",Type II
2338,2002hg, ,N 3306,159.2925,12.651666666666666,68.0,2889.0,.SBS9.,16.7,>,II,159.29416666666663,12.65361111111111,Boles,Type II
1179,1997bo, ,P39731,184.97,7.729999999999999,,3779.0,.I...,15.7,>,II,184.96941666666663,7.730472222222221,"Qiao, Li, Qiu, Zhang, Hu",Type II
841,1992ad,*,N 4411B,186.695,8.883333333333333,17.0,1270.0,.SBS5.,13.5,>,II,186.70679166666665,8.877333333333333,Evans,Type II
606,1985G, ,N 4451,187.17,9.258333333333333,52.0,864.0,.S..4.,15.0,=,IIP,187.1683333333333,9.26111111111111,Horiguchi,Type II
2833,2004aq, ,N 4012,179.61499999999998,10.021666666666665,77.0,4182.0,.S..3.,17.5,>,II,179.61354166666663,10.017916666666665,Armstrong,Type II
1475,1999an, ,I  755,180.29,14.103333333333332,90.0,1507.0,.SB.3.,15.0,>,II,180.29404166666663,14.103416666666664,"Wei, Cao, Qiu, Qiao, Hu",Type II
622,1986E, ,N 4302,185.4275,14.601666666666665,90.0,1149.0,.S..5.,12.6,=,IIL,185.421875,14.632055555555551,Candeo,Type II
624,1986I, ,N 4254,184.705,14.418333333333331,30.0,2407.0,.SAS5.,13.9,=,IIP,184.7168333333333,14.412249999999998,Pennypacker et al.,Type II
649,1988A, ,N 4579,189.435,11.818333333333332,38.0,1519.0,.SBT3.,14.3,=,IIP,189.4315833333333,11.80547222222222,"Ikeya, Evans, Pollas, Horiguchi",Type II
1629,1999gq, ,N 4523,188.4525,15.168333333333331,21.0,262.0,.SBS9.,14.5,>,II,188.4513333333333,15.180055555555551,Lick Observatory Supernova Search,Type II
1844,2001Z, ,I 3528,188.7325,15.564999999999998,0.0,13828.0,.SXR3.,17.7,>,II,188.73279166666663,15.568749999999998,"Modjaz, Li +",Type II
639,1987K, ,N 4651,190.9275,16.39333333333333,50.0,805.0,.SAT5.,14.2,=,IIb,190.92154166666663,16.395805555555555,Pennypacker et al.,Type II
1249,1997eg,*,N 5012,197.905,22.915,57.0,2619.0,.SBT5.,15.7,>,IIn,197.9029583333333,22.92469444444444,Aoki,Type II
496,1979C, ,N 4321,185.73,15.82333333333333,36.0,1571.0,.SXS4.,11.6,=,IIL,185.74429166666664,15.797694444444442,G.Johnson,Type II
636,1987F,*,N 4615,190.4075,26.075,71.0,4716.0,.S..5.,15.2,=,IIn,190.4124583333333,26.072888888888887,Metlova,Type II
1183,1997bs,*,N 3627,170.06249999999997,12.991666666666664,64.0,727.0,.SBS3.,17.1,=,IIn,170.059375,12.97211111111111,"Treffers, Peng, Filippenko, Richmond",Type II
1829,2001K, ,I  677,168.48749999999998,12.301666666666666,69.0,3249.0,.S..4.,16.3,>,II,168.4838333333333,12.301694444444443,"Qiu, Hu; Armstrong",Type II
2575,2003dq, ,ANON,166.18999999999997,15.446666666666664,,13790.0, ,18.9,>,II,166.1893333333333,15.447055555555554,"Wood-Vasey, Aldering, Nugent, Kulkarni",Type II
2554,2003cv, ,ANON,169.4525,19.151666666666664,,8394.0, ,17.6,>,IIPec,169.45149999999998,19.15236111111111,"Wood-Vasey, Aldering, Nugent",Type II
1516,1999cd, ,N 3646,170.42999999999998,20.17,60.0,4248.0,.S..4.,17.0,>,II,170.4287083333333,20.15669444444444,Lick Observatory Supernova Search,Type II
696,1989N, ,N 3646,170.42999999999998,20.171666666666663,60.0,4248.0,.S..4.,14.0,>,II,170.422375,20.15847222222222,Mikolajczak,Type II
673,1988Z, ,M 03-28-22,162.95499999999998,15.999999999999998,,6595.0,.I....,16.4,>,IIn,162.95874999999998,16.000277777777775,"Candeo, Pollas",Type II
2031,2001hg, ,N 4162,182.9675,24.12333333333333,56.0,2569.0,RSAT4.,17.4,>,II,182.9715833333333,24.11372222222222,"Puckett, Sehgal",Type II
2344,2002hm, ,N 4016,179.62249999999997,27.52833333333333,56.0,3448.0,.SB.7.,16.9,>,II,179.62324999999998,27.52919444444444,Boles,Type II
2484,2003ac, ,I 3203,185.44,25.885,90.0,6910.0,.S..3.,18.9,>,II,185.44729166666664,25.875861111111107,"Swift, Li+",Type II
2126,2002C, ,I 3376,186.96,26.99333333333333,46.0,7165.0,RSB.1.,16.7,>,II,186.96941666666663,27.00169444444444,"Swift, Li +",Type II
1582,1999ev, ,N 4274,184.9625,29.614999999999995,68.0,930.0,RSBR2.,14.4,>,II,184.95129166666663,29.62233333333333,Boles,Type II
2990,2004gr, ,N 3678,171.56499999999997,27.866666666666664,21.0,7210.0,.S..4.,17.9,>,II,171.56258333333332,27.86852777777777,LOSS,Type II
2762,2003kw, ,M 05-27-049,169.5475,30.395,56.0,8012.0,.SB.4.,18.5,>,II,169.550875,30.39486111111111,Armstrong,Type II
1790,2000ez, ,N 3995,179.43249999999998,32.29333333333333,72.0,3254.0,.SB.9P,16.8,>,II,179.44062499999998,32.296972222222216,Armstrong,Type II
2794,2004D, ,U 6916,179.11749999999998,39.74166666666666,71.0,6182.0,.SB.4.,19.0,>,II,179.11591666666664,39.73797222222222,"Swift, Burket, Pugh, Foley, Filippenko, Li+",Type II
1900,2001cf, ,U 7020,180.6525,41.05333333333333,36.0,6132.0,.SAT4.,18.0,>,IIb,180.6318333333333,41.04969444444444,Sala,Type II
2275,2002ev, ,ANON,305.75249999999994,-1.8016666666666663,,, ,18.7,>,II,305.75354166666665,-1.8040555555555555,Wood-Vasey et al.,Type II
2276,2002ew, ,LEDA1150959,313.62749999999994,-0.1399999999999999,,8904.0, ,17.7,>,II,313.6270833333333,-0.1405555555555555,Wood-Vasey et al.,Type II
2611,2003fb, ,U11522,302.955,5.763333333333333,62.0,5259.0,.S..4.,18.6,>,II,302.9597083333333,5.760444444444444,"Papenkova, Li+",Type II
1694,2000bg, ,N 6240,253.245,2.4016666666666664,62.0,7339.0,?S..0.,17.4,>,IIn,253.2422083333333,2.3973611111111106,Lick Observatory Supernova Search,Type II
1868,2001ax, ,LEDA3092498,241.8075,-0.0783333333333333,,9339.0, ,17.5,>,II,241.80704166666663,-0.0803333333333333,QUEST collaboration,Type II
1715,2000cb, ,I 1158,240.3925,1.708333333333333,56.0,1927.0,.SBR5.,16.4,>,II,240.3839583333333,1.7063888888888887,Lick Observatory Supernova Search,Type II
1209,1997cs,*,LEDA1240278,228.41,2.895,,11072.0, ,17.4,>,IIPec,228.41575,2.895694444444444,Mueller,Type II
2592,2003ei, ,P 58267,247.17,12.765,,7993.0, ,16.9,>,IIn,247.16791666666663,12.768277777777776,"Ganeshalingam, Graham, Pugh, Li+",Type II
1855,2001ak, ,U11188,274.37499999999994,18.90333333333333,87.0,5285.0,.S..6.,18.1,>,II,274.381,18.90022222222222,"Schwartz, Li +",Type II
839,1992ab, ,N 6389,263.1675,16.403333333333332,44.0,3119.0,.S..4.,17.0,>,II,263.1883333333333,16.396111111111107,Mueller,Type II
1648,2000M, ,N 6389,263.165,16.401666666666664,44.0,3119.0,.S..4.,16.8,>,II,263.16529166666663,16.398361111111107,Migliardi,Type II
1945,2001dy, ,P59568,256.24999999999994,23.16833333333333,47.0,8963.0,.S..3.,18.0,>,II,256.2475833333333,23.168388888888884,"Puckett, Marcus",Type II
2923,2004ec, ,U10717,257.0225,26.37833333333333,36.0,12589.0,.S..6.,17.3,>,IIn,257.0206666666666,26.379,Boles,Type II
2837,2004au, ,M 04-42-002,265.51,25.62,,7800.0, ,18.7,>,II,265.51241666666664,25.61997222222222,Li+,Type II
2058,2001ih, ,M 06-40-3,271.43999999999994,34.751666666666665,48.0,7396.0,.S....,17.3,>,IIb:,271.43749999999994,34.75111111111111,Boles,Type II
2988,2004gp, ,ANON,73.4125,-68.78333333333332,,20086.0, ,21.0,>,II,73.41233333333332,-68.7841111111111,"Garg, Huber, Garnavich, Challis, Stubbs, SuperMACHO collaboration",Type II
2973,2004ga, ,ANON,89.7575,-71.61666666666666,,32977.0, ,19.7,>,II,89.54791666666665,-71.61675,"Garg, Blondin, Challis, Stubbs, SuperMACHO collaboration (+ Aguilera, Prieto, Bramich, Huber, Minniti)",Type II
632,1987A, ,LMC,80.89499999999998,-69.75666666666666,32.0,278.0,.SBS9.,2.9,=,IIPec,83.86654166666665,-69.26972222222221,"Shelton, Duhalde, Jones",Type II
492,1978K, ,N 1313,49.56499999999999,-66.49666666666666,40.0,475.0,.SBS6.,16.0,>,IIPec,49.41087499999999,-66.5511111111111,"Ryder, M.Dopita  et al.",Type II
627,1986L, ,N 1559,64.40749999999998,-62.78499999999999,58.0,1292.0,.SBS5.,14.6,=,IIL,64.37249999999999,-62.78444444444444,Evans,Type II
1215,1997cy, ,ANON,68.22749999999999,-61.71666666666666,,19260.0, ,17.4,>,IIn:,68.22858333333332,-61.71597222222221,Mount Stromlo Abell Cluster Supernova Search Team,Type II
950,1994ad, ,E 152-G26,27.3675,-56.05333333333333,55.0,6157.0,RSBR1.,18.0,>,II,27.366041666666664,-56.04391666666666,McNaught,Type II
864,1992ba,*,N 2082,85.46249999999999,-64.30166666666666,27.0,1104.0,.SBR3.,15.4,=,IIP,85.44641666666665,-64.30019444444443,Evans,Type II
760,1991I, ,LEDA447040,81.60749999999999,-52.22666666666666,,10793.0, ,18.5,>,II,81.60670833333332,-52.2258611111111,McNaught,Type II
862,1992ay,*, ,67.57999999999998,-46.40166666666666,,18587.0,D.....,18.5,>,IIPec,67.57916666666665,-46.40194444444444,Antezana,Type II
614,1985P, ,N 1433,55.505,-47.22166666666666,46.0,1075.0,PSBR2.,13.5,>,IIP,55.52649999999999,-47.21,Evans,Type II
2675,2003hn, ,N 1448,56.13249999999999,-44.64333333333333,83.0,1164.0,.S..5.,14.4,>,II,56.15041666666666,-44.63027777777777,Evans,Type II
799,1991ax, ,LEDA131170,46.30499999999999,-41.77,21.0,,.S..5.,16.5,>,II,46.301,-41.76944444444444,McNaught,Type II
1941,2001du, ,N 1365,53.40249999999999,-36.13833333333333,53.0,1636.0,.SBS3.,14.1,>,II,53.37124999999999,-36.142,Evans,Type II
2821,2004ae, ,ANON,67.07499999999999,-36.315,,143900.0, ,23.3,>,II,67.07454166666666,-36.31527777777777,"Riello, Benetti, Cappellaro, Patat, Botticella, Altavilla, Pastorello, Turatto, Valenti",Type II
1429,1998ez, ,LEDA758357,59.38749999999999,-27.204999999999995,,20985.0, ,20.0,>,II,59.38720833333333,-27.203777777777773,Mount Stromlo Abell Cluster Supernova Search Team,Type II
2462,2003E, ,M-04-12-4,69.79749999999999,-24.18,90.0,4409.0,.S..4.,17.0,>,II,69.79533333333332,-24.176805555555557,"Papenkova, Li+",Type II
802,1991ba, ,E 244-IG32,22.6975,-42.46166666666666,71.0,7341.0,.S..5.,18.5,>,II,22.69545833333333,-42.45891666666666,McNaught,Type II
946,1994Z, ,N   87,5.31,-48.63,,3491.0,.IB.9P,14.6,>,II,5.319125,-48.63044444444444,Wassilieff,Type II
1237,1997du, ,E 241-G22,2.6049999999999995,-46.49166666666666,70.0,5996.0,.SBS4.,18.0,>,II,2.605958333333333,-46.49191666666666,Antezana,Type II
1747,2000di, ,I 1637,17.755,-30.43833333333333,41.0,6044.0,.SBT5*,17.2,>,II,17.758374999999997,-30.442,Aoki,Type II
2006,2001gh, ,ANON,14.265,-27.70833333333333,,47967.0, ,20.9,>,II,14.265124999999998,-27.709138888888884,Altavilla et al.,Type II
1585,1999ey, ,ANON,14.515,-27.675,,27881.0, ,20.3,>,IIn,14.514124999999998,-27.675638888888884,Benetti et al.,Type II
1633,1999gu, ,ANON,53.24999999999999,-27.86166666666666,,44069.0, ,22.2,>,II,53.25062499999999,-27.861138888888885,"Cappellaro, Pastorello, Rizzi, Salvo, Turatto, Danziger, Mazzali, Patat, Benetti",Type II
1581,1999eu, ,N 1097,41.57999999999999,-30.27333333333333,50.0,1275.0,.SBS3.,17.2,>,IIPec,41.58662499999999,-30.318361111111106,Aoki,Type II
2459,2003B, ,N 1097,41.57999999999999,-30.27333333333333,50.0,1275.0,DSB.3.,15.0,>,II,41.55741666666666,-30.22919444444444,Evans,Type II
1788,2000ex, ,E 419-G03,55.54749999999999,-27.864999999999995,58.0,4093.0,PSBS5P,17.6,>,II,55.54879166666666,-27.86333333333333,"Aazami, Li +",Type II
2328,2002gw, ,N  922,36.26499999999999,-24.79,41.0,3092.0,.SBS5.,17.3,>,II,36.26237499999999,-24.79755555555555,Doi; Monard,Type II
2913,2004ds, ,N  808,30.985,-23.311666666666664,64.0,4964.0,.SB.4.,16.8,>,II,30.98545833333333,-23.31405555555555,"Moore, Li+",Type II
2665,2003hd, ,E 543-G17,27.445,-21.906666666666663,64.0,11842.0,.S..4.,17.3,>,II,27.44295833333333,-21.910499999999995,"Ganeshalingam, Li+",Type II
1779,2000eo, ,M-02-9-3,47.2875,-10.291666666666666,68.0,3102.0,.SB.1.,15.3,>,IIn,47.28404166666666,-10.298388888888889,Nearby Galaxies Supernova Search team,Type II
2796,2004F, ,N 1285,49.4725,-7.298333333333332,54.0,5239.0,.SB.3.,17.8,>,IInPec,49.47416666666666,-7.295277777777777,"Swift, Burket, Pugh, Foley, Filippenko, Li+",Type II
2962,2004fp, ,ANON,37.46999999999999,-9.021666666666665,,59958.0, ,21.6,>,II,37.47087499999999,-9.021277777777776,ESSENCE project,Type II
1390,1998dl, ,N 1084,41.4975,-7.576666666666665,52.0,1406.0,.SAS5.,15.1,>,II,41.506125,-7.573638888888888,"King, Modjaz, Shefler, Halderson, Li, Treffers, Filippenko",Type II
1057,1996an, ,N 1084,41.4975,-7.576666666666665,52.0,1406.0,.SAS5.,14.8,>,IIP,41.50345833333333,-7.572305555555554,Aoki,Type II
2166,2002aq, ,M-01-7-35,40.4875,-6.791666666666666,61.0,,.LBR+P,18.7,>,II,40.48933333333333,-6.796222222222221,"Martin, Li +",Type II
2938,2004er, ,M-01-7-24,39.245,-5.348333333333333,43.0,4411.0,.SB.5.,16.8,>,II,39.246,-5.355472222222222,"Pugh, Park, Li+",Type II
2262,2002ei, ,M-01-09-024,49.00249999999999,-5.498333333333332,79.0,2319.0,.S..2.,16.5,>,IIP,49.001375,-5.502055555555555,"Papenkova, Li+",Type II
1578,1999er, ,M-01-08-008,41.7775,-2.9733333333333327,86.0,7616.0,.S..3.,20.4,>,II,41.77866666666666,-2.962194444444444,Nearby Galaxies Supernova Search team,Type II
1613,1999ga, ,N 2442,114.09999999999998,-69.53166666666665,50.0,1449.0,.SBS4P,15.6,>,II,114.06958333333333,-69.55605555555555,"Woodings, Martin, Williams",Type II
756,1991E, ,LEDA312293,98.5925,-65.55333333333333,,7195.0, ,19.0,>,II,98.59758333333332,-65.55233333333332,McNaught,Type II
1138,1997Z, ,N 3261,157.25749999999996,-44.65666666666666,41.0,2553.0,.SBT3.,15.5,>,II,157.27770833333332,-44.65977777777777,"Martin, Williams, Woodings",Type II
1922,2001db, ,N 3256,156.96749999999997,-43.90333333333333,59.0,2738.0,.S..4.,16.3,>,II,156.95999999999998,-43.90583333333333,"Maiolino, Della Valle, Vanzi, Mannucci",Type II
1725,2000cl, ,N 3318,159.31499999999997,-41.62833333333333,58.0,2770.0,.SBT4.,14.8,>,IIn,159.3169583333333,-41.62994444444444,Chassagne,Type II
1036,1996S, ,ANON,171.2975,-35.44166666666666,,32977.0, ,22.5,>,II,171.29649999999998,-35.44141666666666,High-Z Supernova Search Team,Type II
1513,1999ca, ,N 3120,151.34499999999997,-34.21999999999999,44.0,2791.0,.SBS4*,17.0,>,II,151.3455,-34.21147222222222,"Woodings, Martin, Williams",Type II
2930,2004ej, ,N 3095,150.02499999999998,-31.551666666666662,59.0,2723.0,.SB.5.,15.9,>,II,150.0118333333333,-31.557083333333328,Monard,Type II
1316,1998ao, ,LEDA768336,151.80749999999998,-26.391666666666666,,4668.0, ,18.0,>,II,151.81074999999998,-26.39308333333333,Antezana,Type II
1358,1998ce, ,E 500-G06,152.64499999999998,-25.82333333333333,44.0,2518.0,.SBS7*,15.9,>,II,152.64458333333332,-25.82522222222222,"Woodings, Martin, Williams; Wischnjewsky",Type II
2980,2004gh, ,E 500-G34,156.13249999999996,-23.55333333333333,,3662.0,.S..0.,17.6,>,II,156.1314583333333,-23.55505555555555,"Moore, Shimasaki, Li+",Type II
2847,2004be, ,E 499-G 34,150.07999999999998,-24.801666666666662,48.0,2282.0,.SB.9.,16.7,>,II,150.081125,-24.80383333333333,"Shimasaki, Moore, Li+",Type II
1850,2001af, ,M-04-24-1,147.61499999999998,-21.801666666666662,44.0,8799.0,.SBS4.,16.8,>,II,147.6195833333333,-21.808527777777776,"Modjaz, Li +",Type II
2823,2004ag, ,ANON,147.75499999999997,-20.84333333333333,,108525.0, ,23.0,>,II,147.75620833333332,-20.84375,"Riello, Benetti, Cappellaro, Patat, Botticella, Altavilla, Pastorello, Turatto, Valenti",Type II
2828,2004al, ,E 565-G 25,144.27999999999997,-22.171666666666663,58.0,4340.0,.S..5.,16.6,>,II,144.27774999999997,-22.171916666666664,"Singer, Pugh, Li+",Type II
1873,2001bc, ,ANON,146.52999999999997,-21.191666666666663,,58460.0, ,23.4,>,II,146.52941666666663,-21.19127777777777,"Cappellaro, Altavilla, Benetti, Pastorello, Turatto, Clocchiatti, Danziger, Mazzali, Patat",Type II
2520,2003bn, ,LEDA 831618,150.64749999999998,-21.181666666666665,,3777.0, ,16.7,>,II,150.64795833333332,-21.181805555555552,"Wood-Vasey, Aldering, Nugent",Type II
2030,2001hf, ,M-03-23-17,136.28499999999997,-18.51833333333333,70.0,4486.0,.S..5.,16.1,>,II,136.28108333333333,-18.517916666666665,"Schwartz, Li +",Type II
2496,2003ao, ,N 2993,146.45,-14.36833333333333,40.0,2420.0,.S..1.,17.3,>,II,146.45191666666665,-14.370555555555551,"Graham, Li+",Type II
2334,2002hc, ,N 2559,124.27499999999998,-27.456666666666663,60.0,1561.0,.SBS5.,14.5,>,II,124.27562499999998,-27.45772222222222,"Wood-Vasey, Aldering, Nugent",Type II
2355,2002hx, ,P23727,126.91499999999998,-14.781666666666665,38.0,9293.0,.S..3.,18.3,>,II,126.91429166666664,-14.787694444444442,"Graham, Li+",Type II
954,1994aj, ,ANON,136.5475,-10.668333333333331,,9599.0, ,19.5,>,II,136.54691666666665,-10.666638888888889,Pollas,Type II
2068,2001ir, ,M-02-22-22,129.12499999999997,-11.831666666666663,90.0,5900.0,.S..6.,17.5,>,IIn,129.11716666666666,-11.834305555555554,Li +,Type II
1780,2000ep, ,LEDA1054392,139.95749999999998,-4.723333333333333,,7195.0, ,18.7,>,II,139.95774999999998,-4.724499999999999,Nearby Galaxies Supernova Search team,Type II
2289,2002fj, ,N 2642,130.18499999999997,-4.121666666666666,38.0,4342.0,.SBR4.,15.5,>,IIn,130.18791666666664,-4.12736111111111,Monard,Type II
2876,2004ch, ,N 5612,218.5075,-78.38833333333332,58.0,2699.0,.S..2.,16.0,>,II,218.526125,-78.38597222222221,Martin,Type II
317,1968L, ,N 5236,204.25,-29.86833333333333,24.0,516.0,.SXS5.,11.9,=,IIP,204.252125,-29.866388888888885,Bennett,Type II
17,1923A, ,N 5236,204.25,-29.86833333333333,24.0,516.0,.SBS5.,14.0,=,II,204.2883333333333,-29.851111111111106,Lampland,Type II
1202,1997cl, ,ANON,208.58,-27.741666666666664,,14090.0,.I....,18.3,>,IIPec,208.5779583333333,-27.74108333333333,Mount Stromlo Abell Cluster Supernova Search Team,Type II
1651,2000P, ,N 4965,196.7875,-28.226666666666663,38.0,2265.0,.SBS6.,14.1,>,IIn,196.794,-28.23402777777777,Chassagne,Type II
1361,1998ch, ,ANON,202.305,-29.29,,14090.0, ,20.3,>,II,202.3054583333333,-29.290777777777773,Mount Stromlo Abell Cluster Supernova Search Team,Type II
2494,2003am, ,E 576-G40,200.1825,-22.051666666666662,86.0,2085.0,.SB.6.,17.7,>,II,200.18154166666665,-22.04819444444444,"Weisz, Li+",Type II
482,1978A, ,M-04-32-23,202.575,-21.74833333333333,61.0,7270.0,.S..3.,17.0,>,IIPec,202.5683333333333,-21.74777777777777,Gilmore,Type II
2524,2003br, ,M-05-34-18,218.6475,-27.995,62.0,3758.0,.SBR5.,17.4,>,II,218.64575,-27.996888888888886,"Swift, Li+",Type II
2235,2002dh, ,ANON,231.205,-22.76833333333333,,3897.0, ,16.4,>,II,231.205625,-22.766027777777776,"Wood-Vasey, Aldering, Nugent",Type II
2246,2002ds, ,E 581-G25,228.375,-20.676666666666662,90.0,2277.0,.SB.6.,15.9,>,II,228.398875,-20.677361111111107,"Hutchings, Li+",Type II
2529,2003bw, ,I 1077,224.34,-19.215,36.0,3452.0,.SB.4.,18.0,>,II,224.3435,-19.21275,"Beutler, Li+",Type II
2556,2003cx, ,ANON,209.2775,-17.03833333333333,,11092.0, ,19.1,>,II,209.27691666666664,-17.03961111111111,"Wood-Vasey, Aldering, Nugent",Type II
2875,2004cg, ,ANON,212.85,-12.01833333333333,,79145.0, ,22.4,>,II,212.84879166666664,-12.018999999999998,"Riello, Benetti, Cappellaro, Patat, Botticella, Turatto, Valenti",Type II
2216,2002co, , ,,,,95334.0, ,22.6,>,II,212.721,-11.756944444444445,"Altavilla, Benetti et al.",Type II
730,1990Q, ,N 5917,230.385,-7.376666666666666,53.0,1904.0,.S..3P,16.0,>,II,230.3885833333333,-7.374027777777777,Pollas,Type II
1838,2001T, ,M-02-37-6,218.22,-12.974999999999998,50.0,4167.0,.SBT4.,16.8,>,II,218.22154166666664,-12.978777777777776,"Jiang, Qiu, Hu",Type II
973,1995N,*,M-02-38-16,222.3775,-10.173333333333332,,1834.0,DIB...,17.5,>,IIn,222.36779166666665,-10.170944444444444,Pollas,Type II
852,1992ao, ,N 7637,351.62249999999995,-81.91166666666666,27.0,3680.0,.SAR5.,17.0,>,II,351.7205833333333,-81.8958611111111,McNaught,Type II
1426,1998ew, ,N 6943,311.13749999999993,-68.74666666666666,61.0,3109.0,.SBR5*,14.0,>,II,311.13375,-68.72694444444444,Antezana,Type II
1874,2001bd, ,ANON,288.295,-64.285,,28780.0, ,22.6,>,II,288.29570833333327,-64.28527777777776,"Cappellaro, Altavilla, Benetti, Pastorello, Turatto, Clocchiatti, Danziger, Mazzali, Patat",Type II
1062,1996as, ,LEDA 128847,316.4,-52.37833333333332,34.0,10793.0,.SB.5.,17.5,>,II,316.40124999999995,-52.3781111111111,Evans,Type II
2676,2003ho, ,E 235-G58,316.61749999999995,-48.12166666666666,73.0,4265.0,.SB.6.,18.6,>,II,316.6273333333333,-48.12497222222222,Monard,Type II
1055,1996al, ,N 7689,353.31749999999994,-54.09333333333333,51.0,1981.0,.SBT5.,14.0,>,II,353.3170833333333,-54.08388888888888,"Evans, Benton, Beaman",Type II
2057,2001ig, ,N 7424,344.32499999999993,-41.06999999999999,41.0,942.0,.SBT5.,13.0,>,IIb,344.377875,-41.040527777777775,Evans,Type II
2894,2004cz, ,E 407-G9,348.18749999999994,-37.20833333333333,73.0,1571.0,.SB.6.,15.0,>,IIP,348.1800833333333,-37.21630555555555,"Jacques, Napoleao",Type II
488,1978G, ,I 5201,335.23999999999995,-46.035,66.0,915.0,.SBT5.,12.9,>,IIn,335.20129166666663,-46.02291666666666,"Blades, Griffiths, Ward",Type II
788,1991al, ,LEDA140858,295.59,-55.10499999999999,,2998.0,.S....,16.6,=,II,295.6002083333333,-55.106555555555545,Wischnjewsky,Type II
976,1995Q, ,E 284-G 42,304.11499999999995,-43.405,74.0,,.S..5.,18.0,>,II,304.1229583333333,-43.40683333333333,McNaught,Type II
1928,2001dh, ,E 340-G09,304.3375,-38.673333333333325,90.0,2608.0,.SB.6.,15.9,>,II,304.3506666666666,-38.67705555555555,Chassagne,Type II
2948,2004fb, ,E 340-G07,303.855,-37.51333333333333,24.0,6100.0,.S..3.,18.3,>,II,303.85679166666665,-37.50961111111111,"Chen et al., Hsiao",Type II
1208,1997cr,*,ANON,316.44999999999993,-25.225,,23084.0, ,20.4,>,II:,316.45087499999994,-25.22494444444444,Mount Stromlo Abell Cluster Supernova Search Team,Type II
1926,2001df, ,M-04-51-5,324.82249999999993,-25.49333333333333,59.0,9436.0,.S..4.,18.0,>,II,324.82562499999995,-25.49333333333333,"Martin, Modjaz, Li +",Type II
2689,2003ib, ,E 528-G18,308.37999999999994,-24.62333333333333,70.0,7195.0,.S..3.,17.5,>,II,308.3790833333333,-24.62083333333333,"Singer, Beutler, Swift, Li+",Type II
1742,2000dc, ,E 527-G19,305.18999999999994,-24.12833333333333,50.0,3117.0,.SBT4*,16.5,>,II,305.1894583333333,-24.132638888888884,Lick Observatory Supernova Search,Type II
2642,2003gg, ,I 1321,307.0475,-18.291666666666664,54.0,6660.0,.S..4.,18.5,>,II,307.0445,-18.29233333333333,"Moore, Li+",Type II
2650,2003go, ,LEDA858649,298.19749999999993,-19.191666666666663,,15289.0, ,18.6,>,IIn,298.1986666666666,-19.191166666666664,"Graham, Weisz, Li+",Type II
1966,2001et, ,M-03-51-9,304.89,-18.156666666666663,36.0,,.SB.5.,17.8,>,II,304.8958333333333,-18.16369444444444,Li +,Type II
1527,1999co, ,ANON,315.83,-14.546666666666663,,9260.0, ,17.4,>,II,315.82966666666664,-14.546944444444442,Lick Observatory Supernova Search,Type II
2244,2002dq, ,N 7051,319.9625,-8.783333333333331,38.0,2519.0,.S..1.,17.0,>,II,319.95812499999994,-8.777722222222222,"Hutchings, Li+",Type II
13,1920A, ,N 2608,128.8225,28.47333333333333,56.0,2135.0,.SBS3.,11.7,=,II:,,,Wolf,Type II
15,1921B, ,N 3184,154.5725,41.423333333333325,17.0,592.0,.SBT5.,13.5,=,II:,,,Zwicky et al.,Type II
18,1926A, ,N 4303,185.4775,4.471666666666666,17.0,1566.0,.SBT4.,14.0,=,II,,,"Wolf, Reinmuth",Type II
22,1936A, ,N 4273,184.98,5.346666666666666,47.0,2378.0,.SBS5.,14.8,=,IIL,,,"Hubble, Moore",Type II
24,1937A, ,N 4157,182.765,50.48333333333333,90.0,774.0,.SBS3.,15.0,=,II,,,Zwicky,Type II
29,1937F, ,N 3184,154.5725,41.423333333333325,17.0,592.0,.SXT5.,13.5,=,IIP,,,Jones,Type II
37,1940A, ,N 5907,228.975,56.328333333333326,90.0,667.0,.SAS5.,13.3,=,IIL,,,Johnson,Type II
38,1940B, ,N 4725,192.6125,25.5,48.0,1206.0,.SBR2P,12.8,=,II,,,Johnson,Type II
39,1940C, ,I 1099,226.73,56.508333333333326,41.0,8883.0,.SBR5*,16.3,>,II,,,Zwicky,Type II
44,1941C, ,N 4136,182.325,29.926666666666662,21.0,609.0,.SXR5.,16.8,>,II,,,Jones,Type II
48,1946B, ,N 4632,190.6325,-0.0833333333333333,70.0,1718.0,.SA.5.,15.7,>,II:,,,Hubble,Type II
49,1947A, ,N 3177,154.14249999999998,21.12333333333333,41.0,1302.0,.SAT3.,16.8,>,II,,,Hubble,Type II
97,1954C, ,N 5879,227.4475,57.00166666666666,71.0,772.0,.SAT4.,14.9,=,II,,,Wild,Type II
206,1961U, ,N 3938,178.20749999999998,44.12333333333333,12.0,809.0,.SAS5.,14.0,=,IIL,,,Wild,Type II
215,1962H, ,I 4237,201.135,-21.136666666666663,50.0,2643.0,.SBR3.,13.0,=,II,,,Chavira,Type II
220,1962M, ,N 1313,49.56499999999999,-66.49666666666666,40.0,475.0,.SBS6.,11.5,=,II,,,Sersic,Type II
250,1964A, ,N 3631,170.25999999999996,53.17166666666666,34.0,1156.0,.SAS5.,17.0,>,IIPec,,,Wild,Type II
272,1965H, ,N 4666,191.285,-0.4599999999999999,74.0,1520.0,.SB.5.,14.5,=,II,,,Chavira,Type II
276,1965L, ,N 3631,170.25999999999996,53.17166666666666,34.0,1156.0,.SAS5.,14.7,=,II,,,Wild,Type II
282,1966B, ,N 4688,191.945,4.336666666666666,21.0,986.0,.SBS5.,14.8,=,IIL,,,Yakimov,Type II
285,1966E, ,N 4189,183.445,13.425,48.0,2115.0,.SBT5.,14.6,=,II:,,,Wild,Type II
302,1967H, ,N 4254,184.705,14.418333333333331,30.0,2407.0,.SAS5.,14.0,>,II,,,Zwicky,Type II
327,1968V, ,N 2276,111.80249999999998,85.75499999999998,30.0,2410.0,.SBT5.,15.7,>,II,,,Shahbazian,Type II
334,1969B, ,N 3556,167.88249999999996,55.67,73.0,699.0,.SBS5.,14.5,=,II,,,"Wild, Balazs",Type II
344,1969L, ,N 1058,40.87499999999999,37.34166666666666,44.0,518.0,.SAT5.,13.1,=,IIP,,,Rosino,Type II
349,1970A, ,I 3476,188.175,14.051666666666664,41.0,-169.0,.SBS9.,11.0,>,II:,,,Grizunova,Type II
375,1971K, ,N 3811,175.31749999999997,47.69333333333333,43.0,3105.0,.SBR5.,16.2,=,II:,,,Kulikovskij,Type II
383,1971S, ,N  493,20.5375,0.9466666666666664,78.0,2338.0,.SB.5.,15.6,=,II:,,,Pigatto,Type II
403,1972Q, ,N 4254,184.705,14.418333333333331,30.0,2407.0,.SAS5.,16.1,=,IIP,,,Rosino,Type II
422,1973R, ,N 3627,170.06249999999997,12.991666666666664,64.0,727.0,.SBS3.,15.4,=,IIP,,,Rosino,Type II
425,1973U, ,I   43,10.589999999999998,29.64,24.0,4857.0,.SX.5.,16.5,>,II,,,Kowal,Type II
426,1973V, ,M 09-18-102,168.09249999999997,54.02833333333333,30.0,11818.0,.S..3.,17.0,>,II,,,Kowal,Type II
456,1975S, ,N 1325,51.10499999999999,-21.541666666666664,72.0,1589.0,.SBS4.,14.6,>,II:,,,"J.Dunlap, Y.Dunlap",Type II
457,1975T, ,N 3756,174.2025,54.29666666666666,61.0,1289.0,.SBT4.,16.0,=,IIP,,,Wild,Type II
465,1976F, ,U 2100,39.37499999999999,33.63166666666666,44.0,4370.0,.S..7.,16.9,=,II:,,,Kurochkin,Type II
483,1978B, ,U 6335,169.94249999999997,59.28,21.0,2927.0,.SAS5.,14.0,>,II,,,"Young, Ritchie",Type II
484,1978C, ,M-05-09-22,55.545,-27.866666666666664,58.0,4093.0,PSBS5P,18.5,>,II,,,"Schweizer, Phillips",Type II
513,1980O, ,N 1255,48.38499999999999,-25.72333333333333,53.0,1697.0,.SBT4.,17.0,>,II,,,Schuster,Type II
516,1981A, ,N 1532,63.0225,-32.87499999999999,77.0,1196.0,.SBS3P,13.0,=,II,,,Evans,Type II
520,1981E, ,N 5597,216.115,-16.763333333333332,36.0,2683.0,.SBS5.,17.0,>,II,,,Wischnjewsky,Type II
532,1982F, ,N 4490,187.655,41.63833333333333,67.0,565.0,.SBS6P,15.5,=,IIP,,,Wild,Type II
537,1982L, ,N 7713,354.05749999999995,-37.94,66.0,689.0,.SBR6.,16.0,>,II:,,,Wischnjewsky,Type II
556,1983E, ,N 3044,148.415,1.5783333333333331,90.0,1292.0,.SBS5.,14.9,=,IIL,,,Metlova,Type II
569,1983S, ,N 1448,56.13249999999999,-44.64333333333333,83.0,1164.0,.SA.5.,14.5,>,II,,,Evans,Type II
579,1984B, ,M 09-19-19,168.92499999999998,55.923333333333325,52.0,,.S..5.,16.9,=,II:,,,Metlova,Type II
583,1984F, ,U 4260,122.78999999999998,46.465,,2254.0,.I..9.,15.6,>,II:,,,Metlova,Type II
584,1984G, ,ANON,157.34999999999997,-26.45,,, ,15.2,=,II:,,,Gonzalez,Type II
587,1984J, ,N 1559,64.40749999999998,-62.78499999999999,58.0,1292.0,.SBS5.,13.2,=,II,,,Evans,Type II
604,1985E, ,E 510-G48,210.735,-26.17833333333333,55.0,13685.0,.SAS0.,17.5,>,II,,,"Cameron, Spaenhauer",Type II
607,1985H, ,N 3359,161.65749999999997,63.22333333333332,52.0,1014.0,.SBT5.,16.4,>,II,,,Nemec,Type II
613,1985O, ,U  511,12.5425,31.73,84.0,4591.0,.S..5.,16.5,>,II,,,Lovas,Type II
616,1985R, ,I 1809,37.9175,22.916666666666664,51.0,5578.0,PSBS2.,17.4,>,II,,,Peters,Type II
617,1985S, ,M-02-07-10,36.885,-10.165,74.0,2098.0,.S..5.,12.8,>,II,,,Keel,Type II
621,1986C, ,U 6697,175.9525,19.97,90.0,6725.0,.S..9.,18.0,>,II,,,"Leibundgut, Binggeli",Type II
634,1987C, ,U 4438,127.4975,52.69499999999999,30.0,4252.0,.S.R5P,17.5,>,IIn,,,"Petrosian, Oganian",Type II
638,1987J, ,E 601-G26,332.5975,-18.871666666666663,32.0,,.S..5.,17.2,>,II,,,Pollas,Type II
656,1988H, ,N 5878,228.44,-14.271666666666665,69.0,1991.0,.SAS3.,15.5,>,II,,,"Perlmutter, Pennypacker",Type II
661,1988M, ,N 4496B,187.92,3.925,41.0,4548.0,.SBS9.,, ,II,,,"Filippenko, Sargent",Type II
694,1989L, ,N 7339,339.44499999999994,23.78666666666666,81.0,1313.0,.SBS4.,15.4,=,IIn,,,"Pennypacker, Perlmutter",Type II
718,1990E, ,N 1035,39.8725,-8.133333333333333,77.0,1241.0,.SAS5.,15.9,=,IIP,,,"Perlmutter, Pennypacker",Type II
735,1990V, ,N 7564,348.91,7.311666666666666,,10252.0, ,18.0,>,II,,,Mueller,Type II
737,1990X, ,U12565,350.67,23.20833333333333,54.0,8465.0,.S..3.,19.0,>,II,,,Pollas,Type II
739,1990Z, ,U12133,339.88249999999994,8.613333333333332,90.0,7423.0,.S..5.,19.0,>,II,,,Mueller,Type II
754,1991C, ,LEDA1281917,173.1675,5.343333333333333,,8394.0, ,18.0,>,II,,,Mueller,Type II
761,1991J, ,N 5020,198.1675,12.599999999999998,27.0,3362.0,.SBT4.,17.0,>,II,,,Mueller,Type II
767,1991P, ,LEDA913030,199.5175,-15.301666666666664,71.0,11092.0,.S....,20.0,>,II,,,"Raychaudhury, Williger",Type II
784,1991ah, ,ANON,332.535,-46.32333333333332,,11092.0, ,18.5,>,II,,,Antezana,Type II
796,1991au, ,U11616,310.30499999999995,63.511666666666656,63.0,5244.0,.S..5.,18.5,>,II:,,,Mueller,Type II
801,1991az,*,M 04-06-29,36.3175,24.265,62.0,9711.0,.S..1.,18.0,>,II,,,Mueller,Type II
816,1992C, ,N 3367,161.64499999999998,13.749999999999998,12.0,3037.0,.SBT5.,16.5,>,II,,,Van Winckel,Type II
821,1992H, ,N 5377,209.07,47.23833333333333,64.0,1793.0,RSBS1.,14.6,=,IIL,,,Wren,Type II
827,1992N, ,I 4831,288.68249999999995,-62.27166666666666,80.0,4314.0,PSAS2.,19.0,>,II,,,Antezana,Type II
833,1992T, ,LEDA699807,205.745,-31.886666666666663,63.0,,.S....,18.0,>,II,,,Wischnjewsky,Type II
834,1992U, ,E  74-G04,310.18249999999995,-70.69666666666666,76.0,3304.0,.SB.5.,18.5,>,II,,,Antezana,Type II
837,1992Z, ,LEDA722509,202.2375,-30.01333333333333,,, ,19.0,>,II,,,Antezana,Type II
843,1992af, ,E 340-G38,307.6625,-42.31,38.0,6000.0,.S..5.,17.1,=,II,,,Antezana,Type II
847,1992aj, ,ANON,356.9549999999999,-35.2,,,.S....,17.0,>,II,,,Wischnjewsky,Type II
850,1992am, ,M-01-04-039,21.265,-4.65,27.0,14310.0,.S..2.,18.4,=,IIP,,,Antezana,Type II
851,1992an, ,LEDA714167,204.4525,-30.689999999999998,62.0,15289.0,.S....,18.0,>,IIPec,,,Antezana,Type II
856,1992as, ,ANON,315.985,-44.648333333333326,,7500.0, ,18.5,>,II,,,Gonzalez,Type II
867,1992bd, ,N 1097,41.57749999999999,-30.27333333333333,50.0,1275.0,.SBS3.,15.0,>,II,,,"Smith, Wells",Type II
885,1993A, ,ANON,114.825,-62.05333333333333,,8394.0, ,19.6,=,IIP,,,Wischnjewsky,Type II
895,1993K, ,N 2223,96.15,-22.83833333333333,36.0,2722.0,.SBR3.,14.5,>,II,,,"Williams, Martin",Type II
898,1993N, ,U 5695,157.44499999999996,13.016666666666666,71.0,2940.0,.S..5.,17.5,>,IIPec,,,Mueller,Type II
903,1993S, ,LEDA 131731,343.1,-40.31166666666666,62.0,9896.0,.S..5.,17.5,>,II,,,Antezana,Type II
921,1994A, ,U 8214,196.9075,62.21666666666666,30.0,8288.0,.SB.4.,18.0,>,II,,,Mueller,Type II
932,1994L, ,N 2848,140.04,-16.525,47.0,2044.0,.SBS5*,14.7,>,II,,,Brown,Type II
934,1994N, ,U 5695,157.44499999999996,13.01833333333333,71.0,2940.0,.S..5.,17.5,>,II,,,Turatto,Type II
938,1994R, ,I 2627,167.47249999999997,-23.726666666666663,40.0,2087.0,.SBS4*,16.0,>,II,,,"Martin, Williams",Type II
982,1995W, ,N 7650,351.34,-57.78999999999999,47.0,3380.0,.SBS5P,16.0,>,II,,,"Williams, Martin",Type II
993,1995ah, ,HS0016+1449,4.794999999999999,15.106666666666664,,4407.0, ,15.8,>,II,,,Popescu et al.,Type II
1029,1996L, ,E 266-G10,174.64999999999998,-43.42166666666666,34.0,9900.0,.S..1.,18.5,>,IIn,,,McNaught,Type II
1116,1997D,*,N 1536,62.75499999999999,-56.48666666666666,50.0,1296.0,.SBS5P,16.5,=,IIPec,,,de Mello,Type II
1139,1997aa,*,I 2102,72.97999999999999,-4.953333333333332,24.0,3645.0,.SBT5.,16.7,>,II,,,"Li, Qiu, Qiao, Hu",Type II
1280,1998E,*,N 5161,202.3075,-33.175,70.0,2388.0,.SAS5.,16.5,>,IIn,,,"Woodings, Martin, Williams",Type II
1299,1998X, ,N 6754,287.8575,-50.64166666666666,63.0,3257.0,.SBT3.,17.0,>,II,,,"Woodings, Martin, Williams",Type II
